,year,area_name_en,room_id,median_annual_rent,min_annual_rent,max_annual_rent,median_transaction_amount,rental_yield_percentage,rooms_en
0,2026,Al Barsha First,0,55000.0,33000.0,140000.0,750000.0,7.0,Studio
1,2026,Al Barsha First,1,67000.0,32000.0,220000.0,1870758.0,4.0,1 BHK
2,2026,Al Barsha First,2,85000.0,40000.0,155000.0,2805894.0,3.0,2 BHK
3,2026,Al Barsha First,3,113620.0,76707.0,250000.0,4075111.0,3.0,3 BHK
4,2026,Al Barsha South Fifth,0,50000.0,32600.0,90000.0,777500.0,6.0,Studio
5,2026,Al Barsha South Fifth,1,75000.0,36000.0,125000.0,1178233.0,6.0,1 BHK
6,2026,Al Barsha South Fifth,2,87575.0,48000.0,160000.0,1650000.0,5.0,2 BHK
7,2026,Al Barsha South Fifth,3,125000.0,76650.0,195000.0,2557000.0,5.0,3 BHK
8,2026,Al Barsha South Fourth,0,52000.0,32000.0,130000.0,670000.0,8.0,Studio
9,2026,Al Barsha South Fourth,1,73500.0,34000.0,150000.0,1014000.0,7.0,1 BHK
10,2026,Al Barsha South Fourth,2,90000.0,47000.0,1010323.0,1565880.0,6.0,2 BHK
11,2026,Al Barsha South Fourth,3,139000.0,64500.0,210000.0,1690143.0,8.0,3 BHK
12,2026,Al Barshaa South Second,0,50000.0,32025.0,108000.0,900283.5,6.0,Studio
13,2026,Al Barshaa South Second,1,70000.0,50715.0,125000.0,1630998.5,4.0,1 BHK
14,2026,Al Barshaa South Second,2,115000.0,51923.0,175000.0,2350000.0,5.0,2 BHK
15,2026,Al Barshaa South Second,3,170000.0,92000.0,187500.0,3612548.5,5.0,3 BHK
16,2026,Al Barshaa South Third,0,50400.0,25000.0,660000.0,740000.0,7.0,Studio
17,2026,Al Barshaa South Third,1,69000.0,33880.0,150000.0,1177304.5,6.0,1 BHK
18,2026,Al Barshaa South Third,2,88000.0,48400.0,160000.0,1463605.0,6.0,2 BHK
19,2026,Al Barshaa South Third,3,150500.0,70245.0,195000.0,2407362.0,6.0,3 BHK
20,2026,Al Goze Fourth,0,37000.0,31762.0,80000.0,468000.0,8.0,Studio
21,2026,Al Goze Fourth,1,50000.0,34154.0,130000.0,945000.0,5.0,1 BHK
22,2026,Al Goze Fourth,2,62999.0,44160.0,160000.0,1250000.0,5.0,2 BHK
23,2026,Al Hebiah Fifth,0,45000.0,31740.0,72000.0,737000.0,6.0,Studio
24,2026,Al Hebiah Fifth,1,56700.0,33075.0,100000.0,1278000.0,4.0,1 BHK
25,2026,Al Hebiah Fifth,2,77792.0,47463.0,156000.0,1885000.0,4.0,2 BHK
26,2026,Al Hebiah Fifth,3,95307.405,72000.0,117000.0,1480000.0,6.0,3 BHK
27,2026,Al Hebiah First,0,53500.0,32232.09,64000.0,815999.0,7.0,Studio
28,2026,Al Hebiah First,1,66990.0,35203.55,110000.0,1258248.0,5.0,1 BHK
29,2026,Al Hebiah First,2,85000.0,45243.24,160000.0,1952293.5,4.0,2 BHK
30,2026,Al Hebiah First,3,120000.0,72000.0,210000.0,1880000.0,6.0,3 BHK
31,2026,Al Hebiah Fourth,0,42000.0,25000.0,80000.0,722070.0,6.0,Studio
32,2026,Al Hebiah Fourth,1,57818.18,33000.0,110000.0,1069835.0,5.0,1 BHK
33,2026,Al Hebiah Fourth,2,78000.0,45000.0,150000.0,1544760.0,5.0,2 BHK
34,2026,Al Hebiah Fourth,3,93000.0,70500.0,165000.0,2071888.0,4.0,3 BHK
35,2026,Al Hebiah Second,0,48000.0,32000.0,90000.0,569525.0,8.0,Studio
36,2026,Al Hebiah Second,1,70000.0,50000.0,100000.0,1028538.0,7.0,1 BHK
37,2026,Al Hebiah Second,2,90000.0,66150.0,140000.0,1274423.0,7.0,2 BHK
38,2026,Al Hebiah Sixth,2,118095.24,94491.98,130000.0,1305000.0,9.0,2 BHK
39,2026,Al Hebiah Sixth,3,150000.0,150000.0,150000.0,2200000.0,7.0,3 BHK
40,2026,Al Hebiah Third,0,50000.0,33000.0,77791.0,572500.0,9.0,Studio
41,2026,Al Hebiah Third,1,75000.0,44000.0,115000.0,1085500.0,7.0,1 BHK
42,2026,Al Hebiah Third,2,128000.0,60000.0,160000.0,2000000.0,6.0,2 BHK
43,2026,Al Hebiah Third,3,175100.0,134000.0,192000.0,2596573.0,7.0,3 BHK
44,2026,Al Jadaf,0,58000.0,36960.0,150000.0,872999.0,7.0,Studio
45,2026,Al Jadaf,1,70216.0,39600.0,200000.0,1429000.0,5.0,1 BHK
46,2026,Al Jadaf,2,89010.0,50000.0,300000.0,2036100.0,4.0,2 BHK
47,2026,Al Jadaf,3,132000.0,68200.0,265000.0,3394999.0,4.0,3 BHK
48,2026,Al Khairan First,1,100000.0,39892.76,180000.0,1938888.0,5.0,1 BHK
49,2026,Al Khairan First,2,140000.0,47333.33,215000.0,3326888.0,4.0,2 BHK
50,2026,Al Khairan First,3,180834.0,110000.0,360000.0,4507388.0,4.0,3 BHK
51,2026,Al Kheeran,0,42000.0,33075.0,46000.0,1180000.0,4.0,Studio
52,2026,Al Kheeran,1,44000.0,32650.0,130000.0,2169000.0,2.0,1 BHK
53,2026,Al Kheeran,2,130000.0,50285.71,205000.0,2401317.0,5.0,2 BHK
54,2026,Al Kheeran,3,171000.0,110000.0,223650.0,2477500.0,7.0,3 BHK
55,2026,Al Kifaf,1,106500.0,85000.0,126000.0,1662500.0,6.0,1 BHK
56,2026,Al Kifaf,2,143000.0,80000.0,160000.0,2537777.0,6.0,2 BHK
57,2026,Al Kifaf,3,177000.0,140000.0,230000.0,3743000.0,5.0,3 BHK
58,2026,Al Merkadh,0,60000.0,35000.0,230000.0,700000.0,9.0,Studio
59,2026,Al Merkadh,1,100000.0,60000.0,220000.0,1275000.0,8.0,1 BHK
60,2026,Al Merkadh,2,146500.0,80000.0,185000.0,2148000.0,7.0,2 BHK
61,2026,Al Merkadh,3,185000.0,76000.0,270000.0,4000000.0,5.0,3 BHK
62,2026,Al Merkadh,4,189000.0,189000.0,189000.0,7411439.0,3.0,4 BHK
63,2026,Al Qusais Industrial Fourth,0,45000.0,28000.0,70000.0,360255.5,12.0,Studio
64,2026,Al Safouh First,0,49000.0,44000.0,75000.0,775000.0,6.0,Studio
65,2026,Al Safouh First,2,100000.0,82500.0,130000.0,2241000.0,4.0,2 BHK
66,2026,Al Safouh First,3,172500.0,85662.0,180000.0,3800000.0,5.0,3 BHK
67,2026,Al Safouh Second,1,85592.0,75246.0,168000.0,3074097.5,3.0,1 BHK
68,2026,Al Safouh Second,2,140000.0,92250.0,160000.0,5303329.0,3.0,2 BHK
69,2026,Al Safouh Second,3,175000.0,107343.93,230000.0,6453000.0,3.0,3 BHK
70,2026,Al Satwa,0,55000.0,33000.0,155000.0,1032454.0,5.0,Studio
71,2026,Al Satwa,1,75000.0,35000.0,224000.0,1595527.99,5.0,1 BHK
72,2026,Al Satwa,2,95400.0,47000.0,200000.0,2257144.0,4.0,2 BHK
73,2026,Al Satwa,3,136000.0,80000.0,263531.22,3751650.0,4.0,3 BHK
74,2026,Al Thanyah Fifth,0,60000.0,33000.0,720000.0,750000.0,8.0,Studio
75,2026,Al Thanyah Fifth,1,85000.0,36000.0,195000.0,1490000.0,6.0,1 BHK
76,2026,Al Thanyah Fifth,2,120000.0,45000.0,350000.0,3031828.0,4.0,2 BHK
77,2026,Al Thanyah Fifth,3,179000.0,91300.0,250000.0,2500000.0,7.0,3 BHK
78,2026,Al Thanyah Fifth,4,122000.0,122000.0,122000.0,14893828.0,1.0,4 BHK
79,2026,Al Thanyah First,2,85995.0,48000.0,173250.0,1100000.0,8.0,2 BHK
80,2026,Al Thanyah Third,0,65000.0,48500.0,86000.0,672000.0,10.0,Studio
81,2026,Al Thanyah Third,1,95000.0,36000.0,173333.33,1400000.0,7.0,1 BHK
82,2026,Al Thanyah Third,2,135000.0,70000.0,210000.0,2405000.0,6.0,2 BHK
83,2026,Al Thanyah Third,3,183375.0,62068.97,300000.0,4125000.0,4.0,3 BHK
84,2026,Al Warsan First,0,34000.0,9023.0,129150.0,350000.0,10.0,Studio
85,2026,Al Warsan First,1,42000.0,10000.0,225000.0,462500.0,9.0,1 BHK
86,2026,Al Warsan First,2,58000.0,20000.0,168000.0,1280000.0,5.0,2 BHK
87,2026,Al Warsan First,3,73000.0,63945.0,225000.0,1500000.0,5.0,3 BHK
88,2026,Al Wasl,1,106300.0,55000.0,234000.0,2749000.0,4.0,1 BHK
89,2026,Al Wasl,2,125000.0,50000.0,300000.0,4014500.0,3.0,2 BHK
90,2026,Al Wasl,3,204999.2,70350.0,270000.0,7731000.0,3.0,3 BHK
91,2026,Al Wasl,4,179300.0,179300.0,179300.0,16597000.0,1.0,4 BHK
92,2026,Al Yelayiss 2,0,54000.0,29400.0,85000.0,560000.0,10.0,Studio
93,2026,Al Yelayiss 2,1,72500.0,38000.0,135000.0,1106888.0,7.0,1 BHK
94,2026,Al Yelayiss 2,2,100000.0,47500.0,155000.0,1550000.0,6.0,2 BHK
95,2026,Al Yelayiss 2,3,117324.04000000001,87864.0,136500.0,2272944.0,5.0,3 BHK
96,2026,Bukadra,2,95000.0,85050.0,125000.0,2726107.0,3.0,2 BHK
97,2026,Bukadra,3,82500.0,82500.0,110000.0,4210426.0,2.0,3 BHK
98,2026,Burj Khalifa,0,82000.0,35460.0,140000.0,1139000.0,7.0,Studio
99,2026,Burj Khalifa,1,126458.6,36000.0,260000.0,1855318.5,7.0,1 BHK
100,2026,Burj Khalifa,2,140000.0,55000.0,600000.0,3050000.0,5.0,2 BHK
101,2026,Burj Khalifa,3,215000.0,100000.0,400000.0,4350000.0,5.0,3 BHK
102,2026,Business Bay,0,75000.0,29750.0,155000.0,1100000.0,7.0,Studio
103,2026,Business Bay,1,98812.5,36601.07,240000.0,2266184.0,4.0,1 BHK
104,2026,Business Bay,2,125000.0,49732.62,252000.0,3044828.0,4.0,2 BHK
105,2026,Business Bay,3,170000.0,72000.0,345000.0,1923656.0,9.0,3 BHK
106,2026,Business Bay,4,190000.0,190000.0,190000.0,13562772.0,1.0,4 BHK
107,2026,Dubai Investment Park First,0,38000.0,26504.0,236400.0,364800.0,10.0,Studio
108,2026,Dubai Investment Park First,1,60000.0,34000.0,244000.0,585505.0,10.0,1 BHK
109,2026,Dubai Investment Park First,2,75037.5,45000.0,244000.0,1322800.0,6.0,2 BHK
110,2026,Dubai Investment Park First,3,91150.0,63000.0,230000.0,902500.0,10.0,3 BHK
111,2026,Dubai Investment Park Second,0,39000.0,28981.0,259875.0,800500.0,5.0,Studio
112,2026,Dubai Investment Park Second,1,52000.0,34000.0,84000.0,1278500.0,4.0,1 BHK
113,2026,Dubai Investment Park Second,2,75000.0,43890.0,114000.0,2093000.0,4.0,2 BHK
114,2026,Hadaeq Sheikh Mohammed Bin Rashid,0,70000.0,40000.0,120000.0,838650.0,8.0,Studio
115,2026,Hadaeq Sheikh Mohammed Bin Rashid,1,105000.0,36000.0,195000.0,1770888.0,6.0,1 BHK
116,2026,Hadaeq Sheikh Mohammed Bin Rashid,2,150000.0,50000.0,280000.0,2714888.0,6.0,2 BHK
117,2026,Hadaeq Sheikh Mohammed Bin Rashid,3,200000.0,132000.0,360000.0,4630888.0,4.0,3 BHK
118,2026,Hessyan First,0,35000.0,31973.0,47000.0,400000.0,9.0,Studio
119,2026,Island 2,1,790000.0,790000.0,790000.0,8000000.0,10.0,1 BHK
120,2026,Island 2,2,1150000.0,1150000.0,1150000.0,16475500.0,7.0,2 BHK
121,2026,Jabal Ali,0,32000.0,32000.0,32000.0,515000.0,6.0,Studio
122,2026,Jabal Ali,1,55800.0,55800.0,55800.0,730000.0,8.0,1 BHK
123,2026,Jabal Ali First,0,44849.0,16500.0,84000.0,674645.5,7.0,Studio
124,2026,Jabal Ali First,1,63000.0,33817.0,114000.0,1228881.0,5.0,1 BHK
125,2026,Jabal Ali First,2,78000.0,44550.0,600000.0,1720000.0,5.0,2 BHK
126,2026,Jabal Ali First,3,89398.0,63000.0,170000.0,2443000.0,4.0,3 BHK
127,2026,Jabal Ali Industrial Second,0,50000.0,38720.0,70000.0,530000.0,9.0,Studio
128,2026,Jabal Ali Industrial Second,1,65000.0,40950.0,85000.0,739000.0,9.0,1 BHK
129,2026,Jabal Ali Industrial Second,2,89000.0,55000.0,120000.0,1507004.5,6.0,2 BHK
130,2026,Jabal Ali Industrial Second,3,120000.0,110000.0,120000.0,1193114.0,10.0,3 BHK
131,2026,Jumeirah First,1,115000.0,57000.0,210000.0,2327500.0,5.0,1 BHK
132,2026,Jumeirah First,2,119614.5,67200.0,300000.0,4850000.0,2.0,2 BHK
133,2026,Jumeirah First,3,191500.0,80000.0,270000.0,23654000.0,1.0,3 BHK
134,2026,Jumeirah Second,2,122194.5,103084.0,160000.0,18977509.17,1.0,2 BHK
135,2026,Madinat Al Mataar,0,43000.0,20000.0,60000.0,599000.0,7.0,Studio
136,2026,Madinat Al Mataar,1,60000.0,33557.53,150000.0,1228828.0,5.0,1 BHK
137,2026,Madinat Al Mataar,2,90000.0,44000.0,150000.0,1990000.0,5.0,2 BHK
138,2026,Madinat Al Mataar,3,124998.0,66000.0,170000.0,2410828.0,5.0,3 BHK
139,2026,Madinat Al Mataar,4,95000.0,95000.0,95000.0,8878000.0,1.0,4 BHK
140,2026,Madinat Dubai Almelaheyah,0,70000.0,64825.74,84000.0,1389500.0,5.0,Studio
141,2026,Madinat Dubai Almelaheyah,1,61215.0,42000.0,230000.0,2528000.0,2.0,1 BHK
142,2026,Madinat Dubai Almelaheyah,2,79380.0,56000.0,160000.0,4138690.0,2.0,2 BHK
143,2026,Madinat Dubai Almelaheyah,3,103950.0,65000.0,204391.69,6615888.0,2.0,3 BHK
144,2026,Madinat Hind 4,0,42000.0,32550.0,64000.0,450000.0,9.0,Studio
145,2026,Madinat Hind 4,1,56423.59,34100.0,65000.0,663000.0,9.0,1 BHK
146,2026,Madinat Hind 4,2,68000.0,54778.12,78000.0,1311000.0,5.0,2 BHK
147,2026,Marsa Dubai,0,70000.0,32680.85,180000.0,1150000.0,6.0,Studio
148,2026,Marsa Dubai,1,95000.0,5000.0,320000.0,2322500.0,4.0,1 BHK
149,2026,Marsa Dubai,2,127000.0,10000.0,525000.0,4108000.0,3.0,2 BHK
150,2026,Marsa Dubai,3,185000.0,48000.0,540000.0,9106652.26,2.0,3 BHK
151,2026,Marsa Dubai,4,130000.0,130000.0,130000.0,16250000.0,1.0,4 BHK
152,2026,Me'Aisem First,0,42000.0,16000.0,100000.0,650418.0,6.0,Studio
153,2026,Me'Aisem First,1,68000.0,33000.0,156000.0,1049400.0,6.0,1 BHK
154,2026,Me'Aisem First,2,110000.0,40000.0,160000.0,1435866.0,8.0,2 BHK
155,2026,Me'Aisem First,3,180000.0,72000.0,240000.0,1862600.0,10.0,3 BHK
156,2026,Mirdif,0,48755.0,36750.0,80000.0,671049.0,7.0,Studio
157,2026,Mirdif,1,52877.0,36855.0,97000.0,985000.0,5.0,1 BHK
158,2026,Mirdif,2,67159.0,47000.0,140000.0,1785000.0,4.0,2 BHK
159,2026,Mirdif,3,90956.0,66550.0,144611.0,2468002.5,4.0,3 BHK
160,2026,Muhaisanah First,1,80000.0,50000.0,95000.0,1150000.0,7.0,1 BHK
161,2026,Muhaisanah First,2,105750.0,64680.0,140000.0,1840000.0,6.0,2 BHK
162,2026,Muhaisanah First,3,157500.0,145000.0,170000.0,1652500.0,10.0,3 BHK
163,2026,Nad Al Hamar,1,49500.0,34000.0,81000.0,893000.0,6.0,1 BHK
164,2026,Nad Al Hamar,2,68527.0,44000.0,340000.0,1320000.0,5.0,2 BHK
165,2026,Nad Al Shiba First,1,80000.0,54600.0,110000.0,1562789.5,5.0,1 BHK
166,2026,Nad Al Shiba First,2,120000.0,30000.0,195000.0,2447000.0,5.0,2 BHK
167,2026,Nad Al Shiba First,3,120560.0,90840.0,195000.0,6300000.0,2.0,3 BHK
168,2026,Nadd Hessa,0,42000.0,23500.0,90000.0,550000.0,8.0,Studio
169,2026,Nadd Hessa,1,55000.0,33396.0,140000.0,726150.0,8.0,1 BHK
170,2026,Nadd Hessa,2,75000.0,44440.0,919800.0,1450000.0,5.0,2 BHK
171,2026,Nadd Hessa,3,93856.0,66250.0,170000.0,2069100.0,5.0,3 BHK
172,2026,Palm Jumeirah,0,99865.95,35000.0,155000.0,1357500.0,7.0,Studio
173,2026,Palm Jumeirah,1,136250.0,25942.0,284154.0,3775000.0,4.0,1 BHK
174,2026,Palm Jumeirah,2,145000.0,45000.0,380000.0,4077500.0,4.0,2 BHK
175,2026,Palm Jumeirah,3,200000.0,90000.0,270727.76,8503978.0,2.0,3 BHK
176,2026,Palm Jumeirah,4,190000.0,190000.0,190000.0,48000000.0,0.0,4 BHK
177,2026,Ras Al Khor Industrial First,1,59000.0,40000.0,70000.0,1754478.0,3.0,1 BHK
178,2026,Rega Al Buteen,1,80000.0,74500.0,90000.0,905000.0,9.0,1 BHK
179,2026,Rega Al Buteen,3,94999.0,65000.0,200000.0,806791.0,12.0,3 BHK
180,2026,Saih Shuaib 2,0,39000.0,32000.02,222000.0,576735.0,7.0,Studio
181,2026,Saih Shuaib 2,1,58000.0,33035.45,228000.0,898400.0,6.0,1 BHK
182,2026,Saih Shuaib 2,2,69000.0,53000.0,185000.0,1261853.5,5.0,2 BHK
183,2026,Trade Center First,1,89250.0,34285.71,165000.0,2815610.62,3.0,1 BHK
184,2026,Trade Center First,2,105000.0,60000.0,160000.0,5693000.0,2.0,2 BHK
185,2026,Trade Center First,3,120000.0,76230.0,259545.0,6564166.8100000005,2.0,3 BHK
186,2026,Trade Center Second,1,80000.0,52500.0,140000.0,4329500.0,2.0,1 BHK
187,2026,Trade Center Second,2,115000.0,65000.0,195000.0,5666000.0,2.0,2 BHK
188,2026,Trade Center Second,3,133980.0,90000.0,264000.0,10743000.0,1.0,3 BHK
189,2026,Um Suqaim Third,1,130000.0,98000.0,168000.0,2395000.0,5.0,1 BHK
190,2026,Um Suqaim Third,2,140000.0,100000.0,325000.0,3686000.0,4.0,2 BHK
191,2026,Um Suqaim Third,3,200000.0,165000.0,310000.0,6411000.0,3.0,3 BHK
192,2026,Wadi Al Safa 2,0,42000.0,28600.0,65000.0,742277.0,6.0,Studio
193,2026,Wadi Al Safa 2,1,52880.0,33000.0,248000.0,891500.0,6.0,1 BHK
194,2026,Wadi Al Safa 2,2,75000.0,44000.0,130000.0,1373818.0,5.0,2 BHK
195,2026,Wadi Al Safa 2,3,85500.0,67489.54,140000.0,2718828.0,3.0,3 BHK
196,2026,Wadi Al Safa 3,0,41400.0,31900.0,90000.0,696999.0,6.0,Studio
197,2026,Wadi Al Safa 3,1,60000.0,33000.0,175000.0,1143777.0,5.0,1 BHK
198,2026,Wadi Al Safa 3,2,80000.0,46000.0,157500.0,1563796.0,5.0,2 BHK
199,2026,Wadi Al Safa 3,3,116000.0,74000.0,245000.0,1521547.3,8.0,3 BHK
200,2026,Wadi Al Safa 4,1,53000.0,50000.0,65000.0,1579000.0,3.0,1 BHK
201,2026,Wadi Al Safa 4,2,78000.0,78000.0,78000.0,3019000.0,3.0,2 BHK
202,2026,Wadi Al Safa 5,0,40000.0,27000.0,125000.0,713777.0,6.0,Studio
203,2026,Wadi Al Safa 5,1,52000.0,35000.0,121800.0,1123747.0,5.0,1 BHK
204,2026,Wadi Al Safa 5,2,63000.0,30000.0,120000.0,2074742.0,3.0,2 BHK
205,2026,Wadi Al Safa 5,3,88935.0,60900.0,120000.0,3155502.5,3.0,3 BHK
206,2026,Wadi Al Safa 7,0,46100.0,36000.0,66000.0,500000.0,9.0,Studio
207,2026,Wadi Al Safa 7,1,62500.0,30000.0,95000.0,690000.0,9.0,1 BHK
208,2026,Wadi Al Safa 7,2,83790.0,65000.0,93000.0,820000.0,10.0,2 BHK
209,2026,Wadi Al Safa 7,3,104738.0,76125.0,138000.0,1472500.0,7.0,3 BHK
210,2026,Warsan Fourth,0,41000.0,27828.0,180000.0,460798.0,9.0,Studio
211,2026,Warsan Fourth,1,51000.0,33000.0,229212.9,675000.0,8.0,1 BHK
212,2026,Warsan Fourth,2,62000.0,44000.0,229212.9,1145413.5,5.0,2 BHK
213,2026,Zaabeel First,1,710000.0,710000.0,710000.0,2931888.0,24.0,1 BHK
214,2026,Zaabeel First,3,270000.0,270000.0,270000.0,4521001.1,6.0,3 BHK
215,2026,Zaabeel Second,1,125000.0,100000.0,165000.0,2402370.0,5.0,1 BHK
216,2026,Zaabeel Second,2,160000.0,130000.0,200000.0,4544000.0,4.0,2 BHK
217,2026,Zaabeel Second,3,190000.0,100000.0,348712.0,6611000.0,3.0,3 BHK
218,2025,Al Barsha First,0,44000.0,25000.0,115000.0,700000.0,6.0,Studio
219,2025,Al Barsha First,1,63000.0,5000.0,200000.0,1000000.0,6.0,1 BHK
220,2025,Al Barsha First,2,85000.0,9000.0,450000.0,2566610.0,3.0,2 BHK
221,2025,Al Barsha First,3,115250.0,65000.0,195000.0,3256540.0,4.0,3 BHK
222,2025,Al Barsha South Fifth,0,45800.0,19000.0,120000.0,719684.0,6.0,Studio
223,2025,Al Barsha South Fifth,1,65000.0,12000.0,176000.0,1142332.5,6.0,1 BHK
224,2025,Al Barsha South Fifth,2,82000.0,40000.0,199998.0,1563228.0,5.0,2 BHK
225,2025,Al Barsha South Fifth,3,177500.0,110000.0,300000.0,2376750.0,7.0,3 BHK
226,2025,Al Barsha South Fourth,0,48300.0,0.0,400000.0,696471.0,7.0,Studio
227,2025,Al Barsha South Fourth,1,70000.0,1.0,882000.0,1065024.0,7.0,1 BHK
228,2025,Al Barsha South Fourth,2,92400.0,3413.0,271685.0,1547862.0,6.0,2 BHK
229,2025,Al Barsha South Fourth,3,130000.0,45000.0,240000.0,2160000.0,6.0,3 BHK
230,2025,Al Barsha South Fourth,4,140000.0,140000.0,140000.0,2500000.0,6.0,4 BHK
231,2025,Al Barshaa South Second,0,47000.0,29700.0,78000.0,858500.0,5.0,Studio
232,2025,Al Barshaa South Second,1,68690.0,39800.0,730000.0,1309999.0,5.0,1 BHK
233,2025,Al Barshaa South Second,2,105000.0,50000.0,275000.0,2050000.0,5.0,2 BHK
234,2025,Al Barshaa South Second,3,98040.0,92400.0,154000.0,3285599.5,3.0,3 BHK
235,2025,Al Barshaa South Third,0,45000.0,1000.0,420000.0,640000.0,7.0,Studio
236,2025,Al Barshaa South Third,1,63000.0,250.0,256000.0,1049160.0,6.0,1 BHK
237,2025,Al Barshaa South Third,2,85000.0,604.0,277400.0,1500000.0,6.0,2 BHK
238,2025,Al Barshaa South Third,3,140000.0,86020.0,201650.0,2001000.0,7.0,3 BHK
239,2025,Al Goze Fourth,0,39000.0,5000.0,370000.0,540000.0,7.0,Studio
240,2025,Al Goze Fourth,1,55000.0,27000.0,95000.0,800000.0,7.0,1 BHK
241,2025,Al Goze Fourth,2,55999.0,5000.0,120000.0,1178950.0,5.0,2 BHK
242,2025,Al Goze Fourth,3,77549.5,67500.0,170500.0,1275000.0,6.0,3 BHK
243,2025,Al Hebiah Fifth,0,40000.0,24000.0,72000.0,442500.0,9.0,Studio
244,2025,Al Hebiah Fifth,1,51896.5,24000.0,110000.0,1241000.0,4.0,1 BHK
245,2025,Al Hebiah Fifth,2,74125.0,6468.0,434000.0,1030000.0,7.0,2 BHK
246,2025,Al Hebiah Fifth,3,94500.0,48000.0,145000.0,1440000.0,7.0,3 BHK
247,2025,Al Hebiah First,0,50000.0,28175.0,80000.0,666397.0,8.0,Studio
248,2025,Al Hebiah First,1,66000.0,31000.0,165000.0,1143536.0,6.0,1 BHK
249,2025,Al Hebiah First,2,105000.0,12000.0,200000.0,1850388.5,6.0,2 BHK
250,2025,Al Hebiah First,3,158000.0,50000.0,200000.0,2200000.0,7.0,3 BHK
251,2025,Al Hebiah First,4,175000.0,175000.0,175000.0,6509777.0,3.0,4 BHK
252,2025,Al Hebiah Fourth,0,40000.0,4099.0,450000.0,569170.0,7.0,Studio
253,2025,Al Hebiah Fourth,1,55000.0,1000.0,469200.0,809250.0,7.0,1 BHK
254,2025,Al Hebiah Fourth,2,77000.0,5000.0,200000.0,1200000.0,6.0,2 BHK
255,2025,Al Hebiah Fourth,3,102000.0,80000.0,150000.0,2150000.0,5.0,3 BHK
256,2025,Al Hebiah Second,0,47000.0,29901.0,76200.0,562000.0,8.0,Studio
257,2025,Al Hebiah Second,1,69000.0,24000.0,96000.0,960000.0,7.0,1 BHK
258,2025,Al Hebiah Second,2,90000.0,63000.0,130000.0,1352000.0,7.0,2 BHK
259,2025,Al Hebiah Second,3,110000.0,80000.0,135300.0,1460000.0,8.0,3 BHK
260,2025,Al Hebiah Sixth,1,62750.0,43000.0,103956.0,863000.0,7.0,1 BHK
261,2025,Al Hebiah Sixth,2,100000.0,77000.0,142000.0,1300000.0,8.0,2 BHK
262,2025,Al Hebiah Sixth,3,124000.0,105000.0,142000.0,1526400.0,8.0,3 BHK
263,2025,Al Hebiah Third,0,45000.0,6.0,528000.0,550000.0,8.0,Studio
264,2025,Al Hebiah Third,1,72965.0,12000.0,120000.0,1037000.0,7.0,1 BHK
265,2025,Al Hebiah Third,2,120000.0,48000.0,200000.0,1907000.0,6.0,2 BHK
266,2025,Al Hebiah Third,3,164558.0,90000.0,205000.0,2560000.0,6.0,3 BHK
267,2025,Al Jadaf,0,54000.0,53.0,150000.0,914000.0,6.0,Studio
268,2025,Al Jadaf,1,68000.0,10000.0,150000.0,1277098.0,5.0,1 BHK
269,2025,Al Jadaf,2,84900.0,10000.0,315000.0,2000000.0,4.0,2 BHK
270,2025,Al Jadaf,3,128100.0,5000.0,480000.0,2398750.0,5.0,3 BHK
271,2025,Al Khairan First,1,100000.0,9600.0,220000.0,1866888.0,5.0,1 BHK
272,2025,Al Khairan First,2,150000.0,12000.0,1470000.0,2816888.0,5.0,2 BHK
273,2025,Al Khairan First,3,215000.0,50000.0,600000.0,3780000.0,6.0,3 BHK
274,2025,Al Kheeran,0,31500.0,27300.0,63000.0,920000.0,3.0,Studio
275,2025,Al Kheeran,1,89000.0,21525.0,139000.0,1272000.0,7.0,1 BHK
276,2025,Al Kheeran,2,143430.0,55000.0,224000.0,2960500.0,5.0,2 BHK
277,2025,Al Kheeran,3,258000.0,140000.0,280000.0,3280000.0,8.0,3 BHK
278,2025,Al Kifaf,1,108000.0,10000.0,250000.0,1800000.0,6.0,1 BHK
279,2025,Al Kifaf,2,155000.0,13962.0,275000.0,2504777.0,6.0,2 BHK
280,2025,Al Kifaf,3,230000.0,132300.0,350000.0,3807777.0,6.0,3 BHK
281,2025,Al Merkadh,0,50000.0,1.0,600000.0,662000.0,8.0,Studio
282,2025,Al Merkadh,1,90000.0,12.0,480000.0,1260000.0,7.0,1 BHK
283,2025,Al Merkadh,2,150000.0,10000.0,340000.0,2153474.0,7.0,2 BHK
284,2025,Al Merkadh,3,205000.0,98264.0,365000.0,3050000.0,7.0,3 BHK
285,2025,Al Nahda First,1,44100.0,5000.0,90000.0,313750.5,14.0,1 BHK
286,2025,Al Nahda First,2,58345.0,5000.0,110000.0,401870.5,15.0,2 BHK
287,2025,Al Nahda First,3,85000.0,25000.0,155000.0,549146.0,15.0,3 BHK
288,2025,Al Nahda First,4,97000.0,93000.0,110000.0,554884.5,17.0,4 BHK
289,2025,Al Qusais Industrial Fifth,1,40000.0,20250.0,59000.0,432600.0,9.0,1 BHK
290,2025,Al Qusais Industrial Fifth,2,50000.0,23500.0,78650.0,798121.0,6.0,2 BHK
291,2025,Al Qusais Industrial Fifth,3,61000.0,28500.0,79000.0,913800.0,7.0,3 BHK
292,2025,Al Qusais Industrial Fourth,0,32456.0,25000.0,57000.0,352500.0,9.0,Studio
293,2025,Al Qusais Industrial Fourth,1,42000.0,26000.0,75000.0,480000.0,9.0,1 BHK
294,2025,Al Qusais Industrial Fourth,3,73750.0,42000.0,115500.0,1100000.0,7.0,3 BHK
295,2025,Al Safouh First,0,49000.0,37800.0,75000.0,635278.0,8.0,Studio
296,2025,Al Safouh First,1,85000.0,45600.0,160000.0,1240000.0,7.0,1 BHK
297,2025,Al Safouh First,2,100000.0,50000.0,206000.0,1916640.0,5.0,2 BHK
298,2025,Al Safouh First,3,182500.0,120000.0,275000.0,3687141.5,5.0,3 BHK
299,2025,Al Safouh Second,1,84500.0,70132.0,190400.0,2351869.5,4.0,1 BHK
300,2025,Al Safouh Second,2,109725.0,5000.0,304000.0,2824000.0,4.0,2 BHK
301,2025,Al Satwa,0,55000.0,15000.0,170177.0,975000.0,6.0,Studio
302,2025,Al Satwa,1,72100.0,28000.0,263415.0,1486699.0,5.0,1 BHK
303,2025,Al Satwa,2,95000.0,15000.0,382792.0,2240000.0,4.0,2 BHK
304,2025,Al Satwa,3,169250.0,30000.0,487393.0,3035000.0,6.0,3 BHK
305,2025,Al Thanyah Fifth,0,60000.0,3429.0,110000.0,980000.0,6.0,Studio
306,2025,Al Thanyah Fifth,1,83000.0,1000.0,800000.0,1610000.0,5.0,1 BHK
307,2025,Al Thanyah Fifth,2,120000.0,10000.0,1399998.0,2481828.0,5.0,2 BHK
308,2025,Al Thanyah Fifth,3,135000.0,5000.0,1600000.0,3676860.0,4.0,3 BHK
309,2025,Al Thanyah Fifth,4,136000.0,122000.0,150000.0,5114965.0,3.0,4 BHK
310,2025,Al Thanyah First,0,60000.0,16667.0,106141.0,765700.0,8.0,Studio
311,2025,Al Thanyah First,1,66000.0,10000.0,150000.0,997108.0,7.0,1 BHK
312,2025,Al Thanyah First,2,85000.0,10000.0,189000.0,1500000.0,6.0,2 BHK
313,2025,Al Thanyah First,3,115474.0,40000.0,235000.0,10856690.0,1.0,3 BHK
314,2025,Al Thanyah First,4,132000.0,130000.0,190000.0,12727132.5,1.0,4 BHK
315,2025,Al Thanyah Third,0,60162.0,28440.0,120000.0,850000.0,7.0,Studio
316,2025,Al Thanyah Third,1,90048.0,16600.0,176280.0,1300000.0,7.0,1 BHK
317,2025,Al Thanyah Third,2,150000.0,12981.0,290000.0,2100000.0,7.0,2 BHK
318,2025,Al Thanyah Third,3,190000.0,32000.0,425000.0,2961250.0,6.0,3 BHK
319,2025,Al Thanyah Third,4,210000.0,210000.0,210000.0,4341000.0,5.0,4 BHK
320,2025,Al Warsan First,0,28000.0,2600.0,312000.0,315000.0,9.0,Studio
321,2025,Al Warsan First,1,39500.0,1000.0,1553829.0,430000.0,9.0,1 BHK
322,2025,Al Warsan First,2,54000.0,10000.0,1924747.0,695000.0,8.0,2 BHK
323,2025,Al Warsan First,3,72000.0,35000.0,108000.0,1280000.0,6.0,3 BHK
324,2025,Al Wasl,0,57000.0,44400.0,63800.0,1234000.0,5.0,Studio
325,2025,Al Wasl,1,139834.0,15288.0,255000.0,2582000.0,5.0,1 BHK
326,2025,Al Wasl,2,197986.0,10000.0,500000.0,3840000.0,5.0,2 BHK
327,2025,Al Wasl,3,137813.0,10000.0,600000.0,7271500.0,2.0,3 BHK
328,2025,Al Yelayiss 2,0,40000.0,19200.0,75000.0,500000.0,8.0,Studio
329,2025,Al Yelayiss 2,1,58000.0,81.0,110526.0,920000.0,6.0,1 BHK
330,2025,Al Yelayiss 2,2,80000.0,25000.0,160000.0,1350000.0,6.0,2 BHK
331,2025,Al Yelayiss 2,3,115000.0,5000.0,175000.0,1817481.0,6.0,3 BHK
332,2025,Bukadra,2,92000.0,69300.0,120750.0,2635536.0,3.0,2 BHK
333,2025,Burj Khalifa,0,75000.0,6900.0,160000.0,1699999.0,4.0,Studio
334,2025,Burj Khalifa,1,118936.0,5000.0,7560000.0,1930000.0,6.0,1 BHK
335,2025,Burj Khalifa,2,180000.0,10.0,2700000.0,3200000.0,6.0,2 BHK
336,2025,Burj Khalifa,3,285000.0,400.0,810000.0,4950000.0,6.0,3 BHK
337,2025,Burj Khalifa,4,241500.0,241500.0,241500.0,17991444.0,1.0,4 BHK
338,2025,Business Bay,0,70000.0,1.0,850000.0,1150000.0,6.0,Studio
339,2025,Business Bay,1,90000.0,1.0,8300003.0,1940000.0,5.0,1 BHK
340,2025,Business Bay,2,125000.0,105.0,1100000.0,2790150.0,4.0,2 BHK
341,2025,Business Bay,3,170000.0,1.0,450000.0,4139633.0,4.0,3 BHK
342,2025,Business Bay,4,190000.0,150000.0,300000.0,12217664.5,2.0,4 BHK
343,2025,Dubai Investment Park First,0,38000.0,5000.0,70000.0,421573.0,9.0,Studio
344,2025,Dubai Investment Park First,1,56000.0,9333.0,165000.0,766486.0,7.0,1 BHK
345,2025,Dubai Investment Park First,2,73000.0,18500.0,210000.0,1264000.0,6.0,2 BHK
346,2025,Dubai Investment Park First,3,90000.0,63250.0,180000.0,2620000.0,3.0,3 BHK
347,2025,Dubai Investment Park Second,0,33000.0,7200.0,62000.0,653000.0,5.0,Studio
348,2025,Dubai Investment Park Second,1,45000.0,10000.0,500000.0,1156000.0,4.0,1 BHK
349,2025,Dubai Investment Park Second,2,75983.5,10000.0,120000.0,1792000.0,4.0,2 BHK
350,2025,Dubai Investment Park Second,3,90000.0,86600.0,120000.0,1425000.0,6.0,3 BHK
351,2025,Hadaeq Sheikh Mohammed Bin Rashid,0,55000.0,40000.0,530000.0,760000.0,7.0,Studio
352,2025,Hadaeq Sheikh Mohammed Bin Rashid,1,95000.0,110.0,238462.0,1657888.0,6.0,1 BHK
353,2025,Hadaeq Sheikh Mohammed Bin Rashid,2,160000.0,1000.0,370000.0,2772888.0,6.0,2 BHK
354,2025,Hadaeq Sheikh Mohammed Bin Rashid,3,240000.0,110000.0,575000.0,4095388.0,6.0,3 BHK
355,2025,Hessyan First,0,32025.0,16013.0,50000.0,370000.0,9.0,Studio
356,2025,Hessyan First,1,41000.0,18629.0,60000.0,550000.0,7.0,1 BHK
357,2025,Hessyan First,2,52046.5,38500.0,77000.0,750000.0,7.0,2 BHK
358,2025,Hessyan First,3,72000.0,35000.0,166750.0,1100000.0,7.0,3 BHK
359,2025,Island 2,1,750000.0,600000.0,1095000.0,12675000.0,6.0,1 BHK
360,2025,Island 2,2,900000.0,200000.0,1400000.0,18500000.0,5.0,2 BHK
361,2025,Jabal Ali First,0,41000.0,600.0,952000.0,621000.0,7.0,Studio
362,2025,Jabal Ali First,1,59167.0,1.0,535000.0,1177026.5,5.0,1 BHK
363,2025,Jabal Ali First,2,77131.0,7192.0,8400000.0,1635000.0,5.0,2 BHK
364,2025,Jabal Ali First,3,83801.0,7737.0,1350000.0,2186247.5,4.0,3 BHK
365,2025,Jabal Ali Industrial Second,0,45000.0,9894.0,78900.0,510000.0,9.0,Studio
366,2025,Jabal Ali Industrial Second,1,56000.0,30000.0,88800.0,930291.0,6.0,1 BHK
367,2025,Jabal Ali Industrial Second,2,72000.0,47000.0,110000.0,1535231.5,5.0,2 BHK
368,2025,Jabal Ali Industrial Second,3,89000.0,63250.0,518017990.0,2345730.0,4.0,3 BHK
369,2025,Jumeirah First,1,105000.0,20000.0,250000.0,2200000.0,5.0,1 BHK
370,2025,Jumeirah First,2,154175.0,30000.0,610000.0,3575000.0,4.0,2 BHK
371,2025,Jumeirah First,3,152000.0,10000.0,1200000.0,8600000.0,2.0,3 BHK
372,2025,Jumeirah Second,1,85000.0,59400.0,130000.0,6902081.5,1.0,1 BHK
373,2025,Jumeirah Second,2,123538.5,94500.0,160000.0,15309253.5,1.0,2 BHK
374,2025,Madinat Al Mataar,0,40000.0,2000.0,75000.0,607000.0,7.0,Studio
375,2025,Madinat Al Mataar,1,55000.0,24000.0,650000.0,1170000.0,5.0,1 BHK
376,2025,Madinat Al Mataar,2,84000.0,29920.0,240000.0,2051030.0,4.0,2 BHK
377,2025,Madinat Al Mataar,3,125000.0,30000.0,175000.0,2502444.0,5.0,3 BHK
378,2025,Madinat Dubai Almelaheyah,0,60000.0,48000.0,72000.0,1369000.0,4.0,Studio
379,2025,Madinat Dubai Almelaheyah,1,60500.0,40810.0,145000.0,2319274.0,3.0,1 BHK
380,2025,Madinat Dubai Almelaheyah,2,78750.0,45000.0,165000.0,3690000.0,2.0,2 BHK
381,2025,Madinat Dubai Almelaheyah,3,105000.0,60000.0,260000.0,5813600.0,2.0,3 BHK
382,2025,Madinat Hind 4,0,37000.0,6000.0,50400.0,420000.0,9.0,Studio
383,2025,Madinat Hind 4,1,52000.0,31002.0,80000.0,625000.0,8.0,1 BHK
384,2025,Madinat Hind 4,2,68200.0,39000.0,80000.0,1060000.0,6.0,2 BHK
385,2025,Marsa Dubai,0,66000.0,5000.0,190000.0,1376000.0,5.0,Studio
386,2025,Marsa Dubai,1,95000.0,10.0,1470000.0,1950000.0,5.0,1 BHK
387,2025,Marsa Dubai,2,140000.0,50.0,2000000.0,2746830.0,5.0,2 BHK
388,2025,Marsa Dubai,3,190000.0,5000.0,2300000.0,4300000.0,4.0,3 BHK
389,2025,Marsa Dubai,4,233333.5,182500.0,320000.0,9000000.0,3.0,4 BHK
390,2025,Me'Aisem First,0,36000.0,5500.0,90000.0,593000.0,6.0,Studio
391,2025,Me'Aisem First,1,55000.0,1000.0,650000.0,972777.0,6.0,1 BHK
392,2025,Me'Aisem First,2,79568.0,10000.0,173023.0,1391522.0,6.0,2 BHK
393,2025,Me'Aisem First,3,103000.0,50000.0,238580.0,1800000.0,6.0,3 BHK
394,2025,Mirdif,0,40500.0,19500.0,75000.0,547604.0,7.0,Studio
395,2025,Mirdif,1,51818.0,0.0,100000.0,1000000.0,5.0,1 BHK
396,2025,Mirdif,2,66990.0,10000.0,150000.0,1687871.0,4.0,2 BHK
397,2025,Mirdif,3,90179.0,31349.0,222000.0,2449622.0,4.0,3 BHK
398,2025,Muhaisanah First,1,80000.0,30000.0,173793.0,1060000.0,8.0,1 BHK
399,2025,Muhaisanah First,2,120000.0,49862.0,170000.0,1760000.0,7.0,2 BHK
400,2025,Muhaisanah First,3,163000.0,126500.0,190000.0,3000000.0,5.0,3 BHK
401,2025,Nad Al Hamar,0,36000.0,28500.0,50000.0,557000.0,6.0,Studio
402,2025,Nad Al Hamar,1,48000.0,21250.0,85000.0,920892.0,5.0,1 BHK
403,2025,Nad Al Hamar,2,68000.0,66.0,115000.0,1341000.0,5.0,2 BHK
404,2025,Nad Al Shiba First,0,55000.0,46000.0,62000.0,892500.0,6.0,Studio
405,2025,Nad Al Shiba First,1,80000.0,35000.0,300000.0,1294950.0,6.0,1 BHK
406,2025,Nad Al Shiba First,2,120000.0,5000.0,216000.0,2400000.0,5.0,2 BHK
407,2025,Nad Al Shiba First,3,138915.0,115000.0,350000.0,4324150.0,3.0,3 BHK
408,2025,Nadd Hessa,0,39000.0,6000.0,370000.0,740080.0,5.0,Studio
409,2025,Nadd Hessa,1,51000.0,5000.0,590000.0,890000.0,6.0,1 BHK
410,2025,Nadd Hessa,2,72000.0,4150.0,180000.0,1422000.0,5.0,2 BHK
411,2025,Nadd Hessa,3,99750.0,70000.0,190000.0,1804140.0,6.0,3 BHK
412,2025,Palm Jumeirah,0,92500.0,100.0,310000.0,1400000.0,7.0,Studio
413,2025,Palm Jumeirah,1,148838.0,155.0,437569.0,3000000.0,5.0,1 BHK
414,2025,Palm Jumeirah,2,206013.0,1000.0,1200000.0,4100000.0,5.0,2 BHK
415,2025,Palm Jumeirah,3,270000.0,39030.0,700000.0,6500000.0,4.0,3 BHK
416,2025,Ras Al Khor Industrial First,1,55450.0,49450.0,105000.0,1678514.0,3.0,1 BHK
417,2025,Ras Al Khor Industrial First,2,70000.0,70000.0,70000.0,3110000.0,2.0,2 BHK
418,2025,Rega Al Buteen,2,78750.0,30000.0,1250000.0,1350584.0,6.0,2 BHK
419,2025,Rega Al Buteen,3,110000.0,65000.0,210000.0,1591930.0,7.0,3 BHK
420,2025,Saih Shuaib 2,0,36700.0,10000.0,480000.0,574635.0,6.0,Studio
421,2025,Saih Shuaib 2,1,49000.0,30000.0,85000.0,848531.0,6.0,1 BHK
422,2025,Saih Shuaib 2,2,64000.0,42000.0,100000.0,792602.0,8.0,2 BHK
423,2025,Trade Center First,1,84700.0,25000.0,170000.0,2935761.0,3.0,1 BHK
424,2025,Trade Center First,2,100000.0,25000.0,429623.0,4166716.0,2.0,2 BHK
425,2025,Trade Center First,3,117968.0,60000.0,220000.0,6843149.0,2.0,3 BHK
426,2025,Trade Center Second,1,75623.0,48000.0,145000.0,4075000.0,2.0,1 BHK
427,2025,Trade Center Second,2,97900.0,33675.0,300000.0,6571000.0,1.0,2 BHK
428,2025,Trade Center Second,3,119000.0,60000.0,225000.0,10666000.0,1.0,3 BHK
429,2025,Um Hurair Second,0,65000.0,55000.0,92000.0,1062500.0,6.0,Studio
430,2025,Um Hurair Second,1,63000.0,32000.0,174064.0,1950000.0,3.0,1 BHK
431,2025,Um Hurair Second,2,88000.0,57750.0,720000.0,2500000.0,4.0,2 BHK
432,2025,Um Hurair Second,3,185000.0,180000.0,288776.0,4900000.0,4.0,3 BHK
433,2025,Um Suqaim Third,1,125000.0,53235.0,195000.0,2050000.0,6.0,1 BHK
434,2025,Um Suqaim Third,2,200000.0,22000.0,2770213.0,3500000.0,6.0,2 BHK
435,2025,Um Suqaim Third,3,330000.0,260000.0,440000.0,5500000.0,6.0,3 BHK
436,2025,Wadi Al Safa 2,0,38000.0,5000.0,66000.0,699777.0,5.0,Studio
437,2025,Wadi Al Safa 2,1,48000.0,5600.0,464890.0,930000.0,5.0,1 BHK
438,2025,Wadi Al Safa 2,2,66000.0,1000.0,187200.0,1475262.0,4.0,2 BHK
439,2025,Wadi Al Safa 2,3,88000.0,49450.0,120000.0,2351939.0,4.0,3 BHK
440,2025,Wadi Al Safa 3,0,38000.0,18000.0,115000.0,698999.0,5.0,Studio
441,2025,Wadi Al Safa 3,1,55000.0,20000.0,350000.0,1064999.0,5.0,1 BHK
442,2025,Wadi Al Safa 3,2,77350.0,20000.0,319737.0,1401140.0,6.0,2 BHK
443,2025,Wadi Al Safa 3,3,97654.5,42500.0,160000.0,1808378.5,5.0,3 BHK
444,2025,Wadi Al Safa 4,1,45000.0,38000.0,60000.0,1622000.0,3.0,1 BHK
445,2025,Wadi Al Safa 4,2,70000.0,45000.0,75000.0,2670000.0,3.0,2 BHK
446,2025,Wadi Al Safa 5,0,37000.0,55.0,189677.0,671300.0,6.0,Studio
447,2025,Wadi Al Safa 5,1,48610.0,7086.0,550000.0,1011000.0,5.0,1 BHK
448,2025,Wadi Al Safa 5,2,62000.0,100.0,622380.0,1392705.5,4.0,2 BHK
449,2025,Wadi Al Safa 5,3,89250.0,11000.0,126000.0,1879636.0,5.0,3 BHK
450,2025,Wadi Al Safa 7,0,42000.0,26400.0,60000.0,452500.0,9.0,Studio
451,2025,Wadi Al Safa 7,1,60000.0,45000.0,80000.0,603200.0,10.0,1 BHK
452,2025,Wadi Al Safa 7,2,84696.0,3500.0,200000.0,1017666.0,8.0,2 BHK
453,2025,Wadi Al Safa 7,3,103084.0,92509.0,125000.0,1360000.0,8.0,3 BHK
454,2025,Warsan Fourth,0,36000.0,5000.0,400000.0,470000.0,8.0,Studio
455,2025,Warsan Fourth,1,46000.0,1000.0,500000.0,720000.0,6.0,1 BHK
456,2025,Warsan Fourth,2,58800.0,10000.0,119277.0,1106543.0,5.0,2 BHK
457,2025,Warsan Fourth,3,75000.0,55000.0,97043.0,1300000.0,6.0,3 BHK
458,2025,Zaabeel First,1,310000.0,230000.0,540000.0,2380385.5,13.0,1 BHK
459,2025,Zaabeel First,2,480000.0,285000.0,875000.0,4032888.0,12.0,2 BHK
460,2025,Zaabeel Second,1,123000.0,10000.0,200000.0,2280000.0,5.0,1 BHK
461,2025,Zaabeel Second,2,180000.0,66214.0,300000.0,4264000.0,4.0,2 BHK
462,2025,Zaabeel Second,3,280000.0,100000.0,480000.0,5500000.0,5.0,3 BHK
463,2024,Al Barsha First,0,41000.0,5000.0,71400.0,665477.0,6.0,Studio
464,2024,Al Barsha First,1,58080.0,7000.0,288716.0,855000.0,7.0,1 BHK
465,2024,Al Barsha First,2,81900.0,10000.0,400000.0,1316000.0,6.0,2 BHK
466,2024,Al Barsha South Fifth,0,40000.0,14000.0,80400.0,571696.0,7.0,Studio
467,2024,Al Barsha South Fifth,1,60000.0,25000.0,136000.0,947025.5,6.0,1 BHK
468,2024,Al Barsha South Fifth,2,75000.0,25000.0,210000.0,1351842.5,6.0,2 BHK
469,2024,Al Barsha South Fifth,3,132000.0,82500.0,250000.0,2123850.0,6.0,3 BHK
470,2024,Al Barsha South Fourth,0,44000.0,10000.0,128000.0,620000.0,7.0,Studio
471,2024,Al Barsha South Fourth,1,60000.0,3000.0,5253859.0,920000.0,7.0,1 BHK
472,2024,Al Barsha South Fourth,2,84000.0,1.0,245000.0,1400000.0,6.0,2 BHK
473,2024,Al Barsha South Fourth,3,122000.0,18000.0,216000.0,1758437.0,7.0,3 BHK
474,2024,Al Barsha South Fourth,4,140000.0,140000.0,140000.0,2987999.5,5.0,4 BHK
475,2024,Al Barshaa South Second,0,40000.0,5333.0,78000.0,777000.0,5.0,Studio
476,2024,Al Barshaa South Second,1,60000.0,22470.0,160000.0,1200000.0,5.0,1 BHK
477,2024,Al Barshaa South Second,2,88000.0,50000.0,300000.0,1534500.0,6.0,2 BHK
478,2024,Al Barshaa South Second,3,96360.0,80516.0,150000.0,2450000.0,4.0,3 BHK
479,2024,Al Barshaa South Third,0,41000.0,6359.0,500000.0,602294.0,7.0,Studio
480,2024,Al Barshaa South Third,1,56137.5,100.0,268000.0,1000000.0,6.0,1 BHK
481,2024,Al Barshaa South Third,2,77000.0,1000.0,180000.0,1413945.5,5.0,2 BHK
482,2024,Al Barshaa South Third,3,100000.0,68607.0,200000.0,2114593.0,5.0,3 BHK
483,2024,Al Goze Fourth,0,36000.0,10000.0,80000.0,480000.0,8.0,Studio
484,2024,Al Goze Fourth,1,50000.0,27000.0,84000.0,741000.0,7.0,1 BHK
485,2024,Al Goze Fourth,2,54999.0,5000.0,110000.0,1200000.0,5.0,2 BHK
486,2024,Al Goze Fourth,3,75900.0,64899.0,155000.0,1387500.0,5.0,3 BHK
487,2024,Al Hebiah Fifth,0,34000.0,18500.0,64680.0,385000.0,9.0,Studio
488,2024,Al Hebiah Fifth,1,46000.0,24000.0,2317759.0,1214000.0,4.0,1 BHK
489,2024,Al Hebiah Fifth,2,65382.5,25000.0,617400.0,1564000.0,4.0,2 BHK
490,2024,Al Hebiah Fifth,3,92400.0,60000.0,145000.0,1229600.0,8.0,3 BHK
491,2024,Al Hebiah First,0,44000.0,10000.0,70000.0,525000.0,8.0,Studio
492,2024,Al Hebiah First,1,59125.0,5000.0,120000.0,1042554.0,6.0,1 BHK
493,2024,Al Hebiah First,2,91839.0,42378.0,871200.0,1300000.0,7.0,2 BHK
494,2024,Al Hebiah First,3,135000.0,97500.0,190000.0,1823200.0,7.0,3 BHK
495,2024,Al Hebiah First,4,175000.0,175000.0,175000.0,2450000.0,7.0,4 BHK
496,2024,Al Hebiah Fourth,0,36000.0,2571.0,177143.0,515000.0,7.0,Studio
497,2024,Al Hebiah Fourth,1,50000.0,4800.0,120000.0,715000.0,7.0,1 BHK
498,2024,Al Hebiah Fourth,2,70000.0,15000.0,159429.0,1200000.0,6.0,2 BHK
499,2024,Al Hebiah Fourth,3,93000.0,65000.0,150000.0,1695500.0,5.0,3 BHK
500,2024,Al Hebiah Second,0,45000.0,26000.0,69500.0,510020.0,9.0,Studio
501,2024,Al Hebiah Second,1,65000.0,29750.0,96000.0,833600.0,8.0,1 BHK
502,2024,Al Hebiah Second,2,85000.0,6538.0,130000.0,1050365.0,8.0,2 BHK
503,2024,Al Hebiah Second,3,102500.0,80000.0,150000.0,1185000.0,9.0,3 BHK
504,2024,Al Hebiah Sixth,1,60000.0,32000.0,78000.0,795000.0,8.0,1 BHK
505,2024,Al Hebiah Sixth,2,95000.0,41350.0,150000.0,1204160.0,8.0,2 BHK
506,2024,Al Hebiah Sixth,3,105000.0,93000.0,135450.0,1776800.0,6.0,3 BHK
507,2024,Al Hebiah Third,0,40000.0,4200.0,72000.0,520000.0,8.0,Studio
508,2024,Al Hebiah Third,1,67000.0,10000.0,115000.0,1033920.0,6.0,1 BHK
509,2024,Al Hebiah Third,2,113000.0,75000.0,180000.0,1700000.0,7.0,2 BHK
510,2024,Al Hebiah Third,3,150000.0,85338.0,205000.0,2181200.0,7.0,3 BHK
511,2024,Al Jadaf,0,50000.0,15000.0,90000.0,677960.0,7.0,Studio
512,2024,Al Jadaf,1,64000.0,5000.0,240000.0,1100000.0,6.0,1 BHK
513,2024,Al Jadaf,2,77400.0,5000.0,900000.0,2009760.0,4.0,2 BHK
514,2024,Al Jadaf,3,115000.0,5000.0,280000.0,3141828.0,4.0,3 BHK
515,2024,Al Khairan First,1,92000.0,0.0,335000.0,1772888.0,5.0,1 BHK
516,2024,Al Khairan First,2,140000.0,12000.0,300000.0,2744888.0,5.0,2 BHK
517,2024,Al Khairan First,3,195000.0,50000.0,450000.0,3747888.0,5.0,3 BHK
518,2024,Al Kheeran,1,38001.5,21525.0,115000.0,1430000.0,3.0,1 BHK
519,2024,Al Kheeran,2,130000.0,15000.0,204000.0,2578000.0,5.0,2 BHK
520,2024,Al Kheeran,3,155000.0,155000.0,155000.0,3100000.0,5.0,3 BHK
521,2024,Al Kifaf,1,105000.0,50000.0,162000.0,1681777.0,6.0,1 BHK
522,2024,Al Kifaf,2,148000.0,85000.0,250000.0,2325777.0,6.0,2 BHK
523,2024,Al Kifaf,3,202500.0,132300.0,320000.0,3365777.0,6.0,3 BHK
524,2024,Al Merkadh,0,45000.0,55.0,8640000.0,593480.0,8.0,Studio
525,2024,Al Merkadh,1,88000.0,30000.0,980000.0,1227471.0,7.0,1 BHK
526,2024,Al Merkadh,2,140000.0,45000.0,450000.0,2065767.0,7.0,2 BHK
527,2024,Al Merkadh,3,196500.0,120000.0,400000.0,3000000.0,7.0,3 BHK
528,2024,Al Qusais Industrial Fourth,1,37000.0,25000.0,65000.0,432760.0,9.0,1 BHK
529,2024,Al Safouh First,0,49000.0,36000.0,77700.0,745000.0,7.0,Studio
530,2024,Al Safouh First,1,74800.0,45600.0,160000.0,1068749.0,7.0,1 BHK
531,2024,Al Safouh First,2,93168.0,47648.0,250000.0,1730155.0,5.0,2 BHK
532,2024,Al Safouh First,3,157140.0,120000.0,300000.0,2430000.0,6.0,3 BHK
533,2024,Al Safouh Second,1,80000.0,66150.0,190400.0,2976000.0,3.0,1 BHK
534,2024,Al Safouh Second,2,99015.0,5000.0,478286.0,4525000.0,2.0,2 BHK
535,2024,Al Satwa,0,52000.0,15000.0,158984.0,1000000.0,5.0,Studio
536,2024,Al Satwa,1,62500.0,10000.0,268487.0,1260831.0,5.0,1 BHK
537,2024,Al Satwa,2,85000.0,20000.0,1000000.0,1840401.0,5.0,2 BHK
538,2024,Al Thanyah Fifth,0,55000.0,10000.0,95000.0,800000.0,7.0,Studio
539,2024,Al Thanyah Fifth,1,78000.0,1000.0,195000.0,1380000.0,6.0,1 BHK
540,2024,Al Thanyah Fifth,2,113000.0,2000.0,275000.0,2236751.5,5.0,2 BHK
541,2024,Al Thanyah Fifth,3,125000.0,5000.0,470000.0,2890000.0,4.0,3 BHK
542,2024,Al Thanyah Fifth,4,172500.0,150000.0,215000.0,790953.0,22.0,4 BHK
543,2024,Al Thanyah First,0,55000.0,32000.0,102000.0,692900.0,8.0,Studio
544,2024,Al Thanyah First,1,62700.0,19000.0,1150000.0,970000.0,6.0,1 BHK
545,2024,Al Thanyah First,2,80000.0,5000.0,1020000.0,1370100.0,6.0,2 BHK
546,2024,Al Thanyah First,3,105000.0,40000.0,200000.0,1504000.0,7.0,3 BHK
547,2024,Al Thanyah Third,0,58000.0,23700.0,120000.0,741000.0,8.0,Studio
548,2024,Al Thanyah Third,1,84612.5,5000.0,206375.0,1150000.0,7.0,1 BHK
549,2024,Al Thanyah Third,2,137500.0,10950.0,315000.0,1950200.0,7.0,2 BHK
550,2024,Al Thanyah Third,3,180000.0,10000.0,370000.0,2750000.0,7.0,3 BHK
551,2024,Al Thanyah Third,4,230000.0,210000.0,270000.0,3100000.0,7.0,4 BHK
552,2024,Al Warsan First,0,25468.0,1429.0,300000.0,283000.0,9.0,Studio
553,2024,Al Warsan First,1,36000.0,3.0,1552500.0,392000.0,9.0,1 BHK
554,2024,Al Warsan First,2,50820.0,24000.0,1833076.0,612000.0,8.0,2 BHK
555,2024,Al Warsan First,3,66150.0,33000.0,150000.0,1440000.0,5.0,3 BHK
556,2024,Al Wasl,1,129300.0,33000.0,220000.0,2189000.0,6.0,1 BHK
557,2024,Al Wasl,2,162750.0,40049.0,450000.0,3568375.0,5.0,2 BHK
558,2024,Al Wasl,3,130200.0,80000.0,400000.0,5525000.0,2.0,3 BHK
559,2024,Al Yelayiss 2,0,35000.0,4755.0,65000.0,460888.0,8.0,Studio
560,2024,Al Yelayiss 2,1,46200.0,1000.0,100000.0,806888.0,6.0,1 BHK
561,2024,Al Yelayiss 2,2,70000.0,25000.0,580622.0,1166888.0,6.0,2 BHK
562,2024,Al Yelayiss 2,3,100000.0,48000.0,150000.0,1501888.0,7.0,3 BHK
563,2024,Bukadra,2,90000.0,45500.0,115000.0,2474350.0,4.0,2 BHK
564,2024,Burj Khalifa,0,73260.0,5000.0,2434909.0,1280000.0,6.0,Studio
565,2024,Burj Khalifa,1,110000.0,107.0,1620000.0,1844888.0,6.0,1 BHK
566,2024,Burj Khalifa,2,170000.0,5000.0,1500000.0,3050000.0,6.0,2 BHK
567,2024,Burj Khalifa,3,263750.0,10000.0,810000.0,4500000.0,6.0,3 BHK
568,2024,Burj Khalifa,4,220000.0,220000.0,220000.0,11884800.0,2.0,4 BHK
569,2024,Business Bay,0,65000.0,250.0,180000.0,1119888.0,6.0,Studio
570,2024,Business Bay,1,85000.0,25.0,1500000.0,1631832.5,5.0,1 BHK
571,2024,Business Bay,2,120000.0,20.0,1000000.0,2520000.0,5.0,2 BHK
572,2024,Business Bay,3,159685.5,1.0,359035.0,4515828.0,4.0,3 BHK
573,2024,Business Bay,4,198000.0,180000.0,285000.0,9734000.0,2.0,4 BHK
574,2024,Dubai Investment Park First,0,34000.0,8500.0,66717.0,381000.0,9.0,Studio
575,2024,Dubai Investment Park First,1,51500.0,4000.0,165000.0,755538.0,7.0,1 BHK
576,2024,Dubai Investment Park First,2,68000.0,18000.0,200000.0,1160000.0,6.0,2 BHK
577,2024,Dubai Investment Park First,3,87500.0,50000.0,179037.0,1523574.0,6.0,3 BHK
578,2024,Dubai Investment Park Second,0,29097.5,3200.0,43200.0,312500.0,9.0,Studio
579,2024,Dubai Investment Park Second,1,42320.0,17000.0,240350.0,420000.0,10.0,1 BHK
580,2024,Dubai Investment Park Second,2,66150.0,42350.0,139392.0,790000.0,8.0,2 BHK
581,2024,Dubai Investment Park Second,3,88000.0,80000.0,120000.0,1160000.0,8.0,3 BHK
582,2024,Hadaeq Sheikh Mohammed Bin Rashid,0,54000.0,12000.0,440000.0,688351.0,8.0,Studio
583,2024,Hadaeq Sheikh Mohammed Bin Rashid,1,87000.0,5000.0,155000.0,1602888.0,5.0,1 BHK
584,2024,Hadaeq Sheikh Mohammed Bin Rashid,2,145800.0,10000.0,609231.0,2600888.0,6.0,2 BHK
585,2024,Hadaeq Sheikh Mohammed Bin Rashid,3,215000.0,80000.0,480000.0,3892047.0,6.0,3 BHK
586,2024,Hessyan First,0,31531.0,25000.0,37000.0,300000.0,11.0,Studio
587,2024,Hessyan First,1,39500.0,18740.0,82000.0,426000.0,9.0,1 BHK
588,2024,Hessyan First,2,52000.0,15000.0,63000.0,595000.0,9.0,2 BHK
589,2024,Hessyan First,3,69000.0,50000.0,144778.0,683000.0,10.0,3 BHK
590,2024,Island 2,1,700000.0,399300.0,850000.0,11500000.0,6.0,1 BHK
591,2024,Island 2,2,1000000.0,200000.0,1450000.0,18000000.0,6.0,2 BHK
592,2024,Jabal Ali First,0,36336.0,4000.0,951891.0,600000.0,6.0,Studio
593,2024,Jabal Ali First,1,54000.0,3000.0,780000.0,970000.0,6.0,1 BHK
594,2024,Jabal Ali First,2,72350.0,7056.0,2508000.0,1419120.0,5.0,2 BHK
595,2024,Jabal Ali First,3,85553.5,7056.0,451498.0,2046838.5,4.0,3 BHK
596,2024,Jabal Ali Industrial Second,0,42000.0,2000.0,101455.0,570772.0,7.0,Studio
597,2024,Jabal Ali Industrial Second,1,51000.0,22000.0,98000.0,952616.0,5.0,1 BHK
598,2024,Jabal Ali Industrial Second,2,70000.0,25000.0,108000.0,1508755.0,5.0,2 BHK
599,2024,Jabal Ali Industrial Second,3,80000.0,55000.0,100000.0,1400412.0,6.0,3 BHK
600,2024,Jumeirah First,1,82000.0,1.0,260000.0,2000000.0,4.0,1 BHK
601,2024,Jumeirah First,2,141999.0,19945.0,610000.0,3400000.0,4.0,2 BHK
602,2024,Jumeirah First,3,133500.0,10000.0,420000.0,6900000.0,2.0,3 BHK
603,2024,Jumeirah Second,1,80625.0,59400.0,125000.0,4596000.0,2.0,1 BHK
604,2024,Jumeirah Second,2,108675.0,89330.0,190000.0,8121500.0,1.0,2 BHK
605,2024,Madinat Al Mataar,0,36000.0,40.0,60000.0,596685.0,6.0,Studio
606,2024,Madinat Al Mataar,1,46000.0,1000.0,228000.0,998888.0,5.0,1 BHK
607,2024,Madinat Al Mataar,2,72000.0,25000.0,170000.0,1322969.0,5.0,2 BHK
608,2024,Madinat Al Mataar,3,100000.0,25000.0,160000.0,2023888.0,5.0,3 BHK
609,2024,Madinat Dubai Almelaheyah,0,60000.0,46305.0,72000.0,1211640.0,5.0,Studio
610,2024,Madinat Dubai Almelaheyah,1,58905.0,30250.0,159571.0,1765000.0,3.0,1 BHK
611,2024,Madinat Dubai Almelaheyah,2,75900.0,40000.0,711480.0,2698000.0,3.0,2 BHK
612,2024,Madinat Dubai Almelaheyah,3,100000.0,60000.0,220000.0,4266500.0,2.0,3 BHK
613,2024,Madinat Hind 4,0,30450.0,18006.0,140000.0,380000.0,8.0,Studio
614,2024,Madinat Hind 4,1,44000.0,25000.0,65000.0,670000.0,7.0,1 BHK
615,2024,Madinat Hind 4,2,58000.0,40000.0,80000.0,974000.0,6.0,2 BHK
616,2024,Marsa Dubai,0,65000.0,5000.0,150000.0,1087875.5,6.0,Studio
617,2024,Marsa Dubai,1,90000.0,1.0,654545.0,1720000.0,5.0,1 BHK
618,2024,Marsa Dubai,2,133000.0,1.0,1300000.0,2625000.0,5.0,2 BHK
619,2024,Marsa Dubai,3,180000.0,1.0,1800000.0,3569500.0,5.0,3 BHK
620,2024,Marsa Dubai,4,191088.0,70000.0,315000.0,5666909.5,3.0,4 BHK
621,2024,Me'Aisem First,0,32000.0,522.0,55000000.0,600436.0,5.0,Studio
622,2024,Me'Aisem First,1,48000.0,3000.0,400000.0,770439.0,6.0,1 BHK
623,2024,Me'Aisem First,2,70000.0,1.0,165000.0,1150566.5,6.0,2 BHK
624,2024,Me'Aisem First,3,93500.0,50000.0,210000.0,1918438.0,5.0,3 BHK
625,2024,Mirdif,0,38903.0,20000.0,75000.0,578072.0,7.0,Studio
626,2024,Mirdif,1,49500.0,0.0,105000.0,1286208.0,4.0,1 BHK
627,2024,Mirdif,2,63945.0,0.0,135000.0,1704523.0,4.0,2 BHK
628,2024,Mirdif,3,88200.0,45249.0,1371750.0,2428609.0,4.0,3 BHK
629,2024,Muhaisanah First,1,70000.0,15000.0,140000.0,1061680.0,7.0,1 BHK
630,2024,Muhaisanah First,2,110000.0,50000.0,200000.0,1704816.0,6.0,2 BHK
631,2024,Muhaisanah First,3,150600.0,115000.0,185000.0,2053015.0,7.0,3 BHK
632,2024,Nad Al Hamar,1,45000.0,7526.0,82000.0,824000.0,5.0,1 BHK
633,2024,Nad Al Hamar,2,64000.0,20328.0,111000.0,1332000.0,5.0,2 BHK
634,2024,Nad Al Shiba First,1,74000.0,5000.0,150000.0,957000.0,8.0,1 BHK
635,2024,Nad Al Shiba First,2,110000.0,5000.0,200000.0,1497600.0,7.0,2 BHK
636,2024,Nad Al Shiba First,3,137000.0,115000.0,220000.0,3795070.0,4.0,3 BHK
637,2024,Nadd Hessa,0,35000.0,4100.0,1884960.0,404859.0,9.0,Studio
638,2024,Nadd Hessa,1,46200.0,6429.0,540000.0,658600.0,7.0,1 BHK
639,2024,Nadd Hessa,2,67000.0,5000.0,130000.0,1190000.0,6.0,2 BHK
640,2024,Nadd Hessa,3,93500.0,69000.0,3796000.0,1600000.0,6.0,3 BHK
641,2024,Palm Jumeirah,0,89250.0,10000.0,150000.0,1375000.0,6.0,Studio
642,2024,Palm Jumeirah,1,140000.0,1.0,400000.0,2400000.0,6.0,1 BHK
643,2024,Palm Jumeirah,2,193620.0,170.0,1200000.0,3600000.0,5.0,2 BHK
644,2024,Palm Jumeirah,3,250000.0,500.0,590000.0,5072800.0,5.0,3 BHK
645,2024,Ras Al Khor Industrial First,1,50500.0,43000.0,63000.0,1575483.0,3.0,1 BHK
646,2024,Ras Al Khor Industrial First,2,66500.0,63000.0,70000.0,2345320.0,3.0,2 BHK
647,2024,Rega Al Buteen,2,77000.0,52500.0,160000.0,1125000.0,7.0,2 BHK
648,2024,Rega Al Buteen,3,110000.0,10000.0,220000.0,1414400.0,8.0,3 BHK
649,2024,Saih Shuaib 2,0,32000.0,17600.0,60000.0,423450.0,8.0,Studio
650,2024,Saih Shuaib 2,1,40000.0,10000.0,60000.0,752610.0,5.0,1 BHK
651,2024,Saih Shuaib 2,2,55000.0,10000.0,80000.0,452222.0,12.0,2 BHK
652,2024,Trade Center Second,1,75000.0,48000.0,145000.0,1550000.0,5.0,1 BHK
653,2024,Trade Center Second,2,94710.0,48247.0,330000.0,2400000.0,4.0,2 BHK
654,2024,Trade Center Second,3,115000.0,76899.0,225000.0,4000000.0,3.0,3 BHK
655,2024,Um Hurair Second,0,75000.0,55000.0,110000.0,946000.0,8.0,Studio
656,2024,Um Suqaim Third,1,125000.0,50000.0,300000.0,2400000.0,5.0,1 BHK
657,2024,Um Suqaim Third,2,190000.0,100000.0,360000.0,3540000.0,5.0,2 BHK
658,2024,Um Suqaim Third,3,340000.0,199464.0,802337.0,6422000.0,5.0,3 BHK
659,2024,Wadi Al Safa 2,0,35000.0,5880.0,58000.0,500650.0,7.0,Studio
660,2024,Wadi Al Safa 2,1,42900.0,5000.0,85000.0,711550.0,6.0,1 BHK
661,2024,Wadi Al Safa 2,2,60500.0,8500.0,130000.0,1079211.0,6.0,2 BHK
662,2024,Wadi Al Safa 2,3,77000.0,20539.0,135000.0,905644.0,9.0,3 BHK
663,2024,Wadi Al Safa 3,0,33000.0,14000.0,90000.0,679125.0,5.0,Studio
664,2024,Wadi Al Safa 3,1,49500.0,1.0,350000.0,940000.0,5.0,1 BHK
665,2024,Wadi Al Safa 3,2,68250.0,24000.0,315000.0,1270000.0,5.0,2 BHK
666,2024,Wadi Al Safa 3,3,83000.0,60000.0,125000.0,1734125.5,5.0,3 BHK
667,2024,Wadi Al Safa 4,1,41500.0,33000.0,60000.0,1263000.0,3.0,1 BHK
668,2024,Wadi Al Safa 4,2,75000.0,45000.0,80000.0,2223000.0,3.0,2 BHK
669,2024,Wadi Al Safa 5,0,33600.0,6000.0,178020.0,599116.5,6.0,Studio
670,2024,Wadi Al Safa 5,1,44468.0,9559.0,100000.0,867863.0,5.0,1 BHK
671,2024,Wadi Al Safa 5,2,57000.0,20000.0,323352.0,1019617.0,6.0,2 BHK
672,2024,Wadi Al Safa 5,3,86000.0,55200.0,140000.0,1413503.5,6.0,3 BHK
673,2024,Wadi Al Safa 7,0,41000.0,20000.0,63000.0,364132.5,11.0,Studio
674,2024,Wadi Al Safa 7,1,60500.0,44000.0,78650.0,481554.0,13.0,1 BHK
675,2024,Wadi Al Safa 7,2,82688.0,29119.0,250000.0,1046620.0,8.0,2 BHK
676,2024,Wadi Al Safa 7,3,100000.0,46750.0,123000.0,1246950.0,8.0,3 BHK
677,2024,Warsan Fourth,0,31500.0,5000.0,54000.0,385000.0,8.0,Studio
678,2024,Warsan Fourth,1,41000.0,4500.0,79500.0,590000.0,7.0,1 BHK
679,2024,Warsan Fourth,2,55000.0,10000.0,120000.0,798720.0,7.0,2 BHK
680,2024,Warsan Fourth,3,72238.0,49000.0,92000.0,2500332.5,3.0,3 BHK
681,2024,Zaabeel First,1,365000.0,180000.0,1000000.0,2131888.0,17.0,1 BHK
682,2024,Zaabeel First,2,450000.0,160000.0,1000000.0,3507888.0,13.0,2 BHK
683,2024,Zaabeel Second,1,120000.0,5000.0,165000.0,1900000.0,6.0,1 BHK
684,2024,Zaabeel Second,2,172000.0,6565.0,280000.0,2850000.0,6.0,2 BHK
685,2024,Zaabeel Second,3,270000.0,150000.0,574000.0,4550000.0,6.0,3 BHK
686,2023,Al Barsha First,0,36750.0,15000.0,75000.0,600000.0,6.0,Studio
687,2023,Al Barsha First,1,52500.0,6000.0,120000.0,860000.0,6.0,1 BHK
688,2023,Al Barsha First,2,75000.0,10000.0,150000.0,1066028.0,7.0,2 BHK
689,2023,Al Barsha South Fifth,0,33000.0,10000.0,72000.0,619072.0,5.0,Studio
690,2023,Al Barsha South Fifth,1,48134.0,12000.0,110543.0,880575.5,5.0,1 BHK
691,2023,Al Barsha South Fifth,2,68250.0,5225.0,150000.0,1508561.0,5.0,2 BHK
692,2023,Al Barsha South Fifth,3,110000.0,75000.0,175000.0,2403000.0,5.0,3 BHK
693,2023,Al Barsha South Fourth,0,36000.0,5000.0,550000.0,550644.0,7.0,Studio
694,2023,Al Barsha South Fourth,1,50400.0,8000.0,560000.0,800000.0,6.0,1 BHK
695,2023,Al Barsha South Fourth,2,73000.0,1.0,660000.0,1215494.0,6.0,2 BHK
696,2023,Al Barsha South Fourth,3,99875.0,1.0,220000.0,1508560.0,7.0,3 BHK
697,2023,Al Barsha South Fourth,4,135000.0,135000.0,135000.0,2175000.0,6.0,4 BHK
698,2023,Al Barshaa South Second,0,34000.0,3600.0,60000.0,577000.0,6.0,Studio
699,2023,Al Barshaa South Second,1,48000.0,33000.0,81600.0,768220.0,6.0,1 BHK
700,2023,Al Barshaa South Second,2,65350.5,50000.0,126000.0,1231440.0,5.0,2 BHK
701,2023,Al Barshaa South Second,3,81226.0,73000.0,130000.0,2750000.0,3.0,3 BHK
702,2023,Al Barshaa South Third,0,35000.0,2000.0,340000.0,537700.0,7.0,Studio
703,2023,Al Barshaa South Third,1,48900.0,4200.0,116706.0,852653.5,6.0,1 BHK
704,2023,Al Barshaa South Third,2,68000.0,9978.0,150000.0,1286300.0,5.0,2 BHK
705,2023,Al Barshaa South Third,3,90000.0,62370.0,165000.0,1650173.5,5.0,3 BHK
706,2023,Al Goze Fourth,0,32323.0,3000.0,60000.0,385000.0,8.0,Studio
707,2023,Al Goze Fourth,1,45100.0,22500.0,70000.0,600000.0,8.0,1 BHK
708,2023,Al Goze Fourth,2,53550.0,5000.0,100000.0,865000.0,6.0,2 BHK
709,2023,Al Goze Fourth,3,71749.5,35000.0,107000.0,1365000.0,5.0,3 BHK
710,2023,Al Hebiah Fifth,0,30000.0,20000.0,58800.0,325000.0,9.0,Studio
711,2023,Al Hebiah Fifth,1,41000.0,24000.0,65000.0,440000.0,9.0,1 BHK
712,2023,Al Hebiah Fifth,2,60000.0,30000.0,114785.0,700000.0,9.0,2 BHK
713,2023,Al Hebiah Fifth,3,83605.0,58200.0,120000.0,1100000.0,8.0,3 BHK
714,2023,Al Hebiah First,0,38500.0,16250.0,66000.0,510888.0,8.0,Studio
715,2023,Al Hebiah First,1,53130.0,30000.0,100000.0,699888.0,8.0,1 BHK
716,2023,Al Hebiah First,2,82500.0,12600.0,170000.0,1100000.0,8.0,2 BHK
717,2023,Al Hebiah First,3,115500.0,80729.0,173000.0,1550000.0,7.0,3 BHK
718,2023,Al Hebiah Fourth,0,31000.0,12000.0,130000.0,370000.0,8.0,Studio
719,2023,Al Hebiah Fourth,1,43000.0,2000.0,3300037950.0,515000.0,8.0,1 BHK
720,2023,Al Hebiah Fourth,2,61950.0,20000.0,1450000.0,760000.0,8.0,2 BHK
721,2023,Al Hebiah Fourth,3,83545.0,60000.0,125000.0,1575000.0,5.0,3 BHK
722,2023,Al Hebiah Second,0,35000.0,19051.0,64940.0,510000.0,7.0,Studio
723,2023,Al Hebiah Second,1,53000.0,10000.0,80000.0,732500.0,7.0,1 BHK
724,2023,Al Hebiah Second,2,75000.0,50000.0,130000.0,990000.0,8.0,2 BHK
725,2023,Al Hebiah Second,3,87500.0,70000.0,150000.0,1075000.0,8.0,3 BHK
726,2023,Al Hebiah Sixth,1,48750.0,29920.0,70000.0,750000.0,6.0,1 BHK
727,2023,Al Hebiah Sixth,2,82750.0,40000.0,140000.0,1309000.0,6.0,2 BHK
728,2023,Al Hebiah Third,0,35000.0,15000.0,70000.0,510000.0,7.0,Studio
729,2023,Al Hebiah Third,1,57884.0,17889.0,600000.0,857000.0,7.0,1 BHK
730,2023,Al Hebiah Third,2,95000.0,42500.0,185000.0,1475000.0,6.0,2 BHK
731,2023,Al Hebiah Third,3,128000.0,71115.0,240000.0,2030000.0,6.0,3 BHK
732,2023,Al Jadaf,0,44000.0,10000.0,472000.0,640000.0,7.0,Studio
733,2023,Al Jadaf,1,55000.0,1000.0,240000.0,969888.0,6.0,1 BHK
734,2023,Al Jadaf,2,72000.0,13470.0,3130380.0,1850888.0,4.0,2 BHK
735,2023,Al Jadaf,3,105000.0,5000.0,235000.0,1810625.0,6.0,3 BHK
736,2023,Al Khairan First,1,82000.0,5000.0,850000.0,1413888.0,6.0,1 BHK
737,2023,Al Khairan First,2,120000.0,10000.0,480000.0,2300000.0,5.0,2 BHK
738,2023,Al Khairan First,3,175000.0,60000.0,480000.0,3498888.0,5.0,3 BHK
739,2023,Al Kheeran,0,27000.0,23000.0,60000.0,646800.0,4.0,Studio
740,2023,Al Kheeran,1,35502.0,19380.0,120334.0,1290000.0,3.0,1 BHK
741,2023,Al Kheeran,2,119700.0,30000.0,164000.0,1800000.0,7.0,2 BHK
742,2023,Al Kifaf,1,95000.0,30000.0,820000.0,1394152.0,7.0,1 BHK
743,2023,Al Kifaf,2,140000.0,30000.0,300000.0,2171646.0,6.0,2 BHK
744,2023,Al Kifaf,3,170000.0,1000.0,260000.0,3650000.0,5.0,3 BHK
745,2023,Al Merkadh,0,43000.0,30000.0,420000.0,552235.0,8.0,Studio
746,2023,Al Merkadh,1,78000.0,9972.0,180000.0,1285203.0,6.0,1 BHK
747,2023,Al Merkadh,2,125000.0,15000.0,276000.0,2283930.0,5.0,2 BHK
748,2023,Al Merkadh,3,178000.0,90000.0,335000.0,2999331.0,6.0,3 BHK
749,2023,Al Qusais Industrial Fourth,1,35000.0,25000.0,52000.0,400000.0,9.0,1 BHK
750,2023,Al Safouh First,0,45000.0,32000.0,75000.0,540000.0,8.0,Studio
751,2023,Al Safouh First,1,61050.0,38000.0,160000.0,874160.0,7.0,1 BHK
752,2023,Al Safouh First,2,82000.0,50000.0,190000.0,1250000.0,7.0,2 BHK
753,2023,Al Safouh First,3,130000.0,110000.0,296000.0,10600000.0,1.0,3 BHK
754,2023,Al Safouh Second,1,73500.0,58080.0,170000.0,2600000.0,3.0,1 BHK
755,2023,Al Safouh Second,2,88200.0,77000.0,280000.0,3400000.0,3.0,2 BHK
756,2023,Al Thanyah Fifth,0,48000.0,18000.0,97729.0,670000.0,7.0,Studio
757,2023,Al Thanyah Fifth,1,67500.0,6.0,540000.0,1350000.0,5.0,1 BHK
758,2023,Al Thanyah Fifth,2,96000.0,2000.0,9371250.0,1800000.0,5.0,2 BHK
759,2023,Al Thanyah Fifth,3,110000.0,5000.0,220000.0,1918400.0,6.0,3 BHK
760,2023,Al Thanyah Fifth,4,120000.0,100000.0,155000.0,2092500.0,6.0,4 BHK
761,2023,Al Thanyah First,0,45000.0,25000.0,73500.0,562500.0,8.0,Studio
762,2023,Al Thanyah First,1,54285.0,8355.0,155500.0,885000.0,6.0,1 BHK
763,2023,Al Thanyah First,2,73500.0,4000.0,780008.0,1095000.0,7.0,2 BHK
764,2023,Al Thanyah First,3,99750.0,40000.0,368000.0,1600000.0,6.0,3 BHK
765,2023,Al Thanyah Third,0,50000.0,17000.0,80000.0,600000.0,8.0,Studio
766,2023,Al Thanyah Third,1,75000.0,5000.0,170000.0,960000.0,8.0,1 BHK
767,2023,Al Thanyah Third,2,120000.0,1050.0,1600102.0,1650000.0,7.0,2 BHK
768,2023,Al Thanyah Third,3,159000.0,60000.0,420000.0,2362500.0,7.0,3 BHK
769,2023,Al Thanyah Third,4,200000.0,165000.0,270000.0,2320000.0,9.0,4 BHK
770,2023,Al Warsan First,0,22138.0,2000.0,240000.0,245000.0,9.0,Studio
771,2023,Al Warsan First,1,32278.0,1000.0,1552500.0,348000.0,9.0,1 BHK
772,2023,Al Warsan First,2,45100.0,20000.0,100000.0,725000.0,6.0,2 BHK
773,2023,Al Warsan First,3,63000.0,33000.0,150000.0,1400000.0,4.0,3 BHK
774,2023,Al Wasl,1,112665.0,12750.0,248000.0,1924500.0,6.0,1 BHK
775,2023,Al Wasl,2,143000.0,14215.0,500000.0,3350000.0,4.0,2 BHK
776,2023,Al Wasl,3,126699.5,50000.0,300000.0,5093000.0,2.0,3 BHK
777,2023,Al Yelayiss 2,0,29000.0,20000.0,72000.0,475888.0,6.0,Studio
778,2023,Al Yelayiss 2,1,39714.0,12000.0,118038.0,635888.0,6.0,1 BHK
779,2023,Al Yelayiss 2,2,58979.0,25000.0,108000.0,984888.0,6.0,2 BHK
780,2023,Al Yelayiss 2,3,84300.0,33000.0,145000.0,1353388.0,6.0,3 BHK
781,2023,Burj Khalifa,0,66000.0,10000.0,350000.0,1180667.0,6.0,Studio
782,2023,Burj Khalifa,1,100000.0,10.0,1013599.0,1750000.0,6.0,1 BHK
783,2023,Burj Khalifa,2,155000.0,1000.0,26985134.0,2750000.0,6.0,2 BHK
784,2023,Burj Khalifa,3,231000.0,1.0,660000.0,4350000.0,5.0,3 BHK
785,2023,Burj Khalifa,4,220000.0,220000.0,220000.0,11478125.0,2.0,4 BHK
786,2023,Business Bay,0,58000.0,5000.0,151649.0,1049000.0,6.0,Studio
787,2023,Business Bay,1,75000.0,25.0,1081000.0,1409500.0,5.0,1 BHK
788,2023,Business Bay,2,100000.0,20.0,125000000.0,2116762.5,5.0,2 BHK
789,2023,Business Bay,3,133595.0,65258.0,350000.0,3728000.0,4.0,3 BHK
790,2023,Business Bay,4,180000.0,150000.0,250000.0,6800000.0,3.0,4 BHK
791,2023,Dubai Investment Park First,0,31000.0,8000.0,58000.0,383000.0,8.0,Studio
792,2023,Dubai Investment Park First,1,45000.0,5716.0,115000.0,655000.0,7.0,1 BHK
793,2023,Dubai Investment Park First,2,60000.0,10000.0,1000000.0,1237500.0,5.0,2 BHK
794,2023,Dubai Investment Park First,3,80000.0,30000.0,180000.0,1725000.0,5.0,3 BHK
795,2023,Dubai Investment Park Second,0,25410.0,4800.0,36000.0,245000.0,10.0,Studio
796,2023,Dubai Investment Park Second,1,38000.0,6370.0,240350.0,395000.0,10.0,1 BHK
797,2023,Dubai Investment Park Second,2,60000.0,38500.0,85000.0,637500.0,9.0,2 BHK
798,2023,Dubai Investment Park Second,3,80000.0,72000.0,95000.0,1073750.0,7.0,3 BHK
799,2023,Hadaeq Sheikh Mohammed Bin Rashid,0,41000.0,35000.0,85000.0,737885.0,6.0,Studio
800,2023,Hadaeq Sheikh Mohammed Bin Rashid,1,75000.0,21667.0,190000.0,1396888.0,5.0,1 BHK
801,2023,Hadaeq Sheikh Mohammed Bin Rashid,2,130000.0,46500.0,240000.0,2168888.0,6.0,2 BHK
802,2023,Hadaeq Sheikh Mohammed Bin Rashid,3,185000.0,70000.0,435000.0,3500000.0,5.0,3 BHK
803,2023,Hessyan First,0,27000.0,20000.0,61000.0,230000.0,12.0,Studio
804,2023,Hessyan First,1,34000.0,17742.0,48795.0,370000.0,9.0,1 BHK
805,2023,Hessyan First,2,46585.0,20000.0,56000.0,475000.0,10.0,2 BHK
806,2023,Hessyan First,3,63250.0,14198.0,138000.0,705000.0,9.0,3 BHK
807,2023,Island 2,1,617500.0,320000.0,780000.0,10900000.0,6.0,1 BHK
808,2023,Island 2,2,950000.0,200000.0,2884830.0,14220000.0,7.0,2 BHK
809,2023,Jabal Ali First,0,32000.0,3600.0,1887600.0,470000.0,7.0,Studio
810,2023,Jabal Ali First,1,47408.0,5000.0,2164629.0,857500.0,6.0,1 BHK
811,2023,Jabal Ali First,2,66000.0,7500.0,1796760.0,1076462.0,6.0,2 BHK
812,2023,Jabal Ali First,3,76183.0,30776.0,2574000.0,1428500.0,5.0,3 BHK
813,2023,Jabal Ali Industrial Second,0,36000.0,21999.0,54001.0,433510.0,8.0,Studio
814,2023,Jabal Ali Industrial Second,1,44500.0,22000.0,72000.0,420000.0,11.0,1 BHK
815,2023,Jabal Ali Industrial Second,2,60000.0,37500.0,85000.0,899757.5,7.0,2 BHK
816,2023,Jabal Ali Industrial Second,3,75000.0,47000.0,100000.0,950000.0,8.0,3 BHK
817,2023,Jumeirah First,1,77499.5,15000.0,250000.0,2050000.0,4.0,1 BHK
818,2023,Jumeirah First,2,115000.0,20000.0,520000.0,3250000.0,4.0,2 BHK
819,2023,Jumeirah First,3,110000.0,10000.0,420000.0,7225000.0,2.0,3 BHK
820,2023,Madinat Al Mataar,0,28000.0,10000.0,145800.0,332220.0,8.0,Studio
821,2023,Madinat Al Mataar,1,38000.0,10.0,130000.0,618053.0,6.0,1 BHK
822,2023,Madinat Al Mataar,2,55000.0,23377.0,150000.0,1154888.0,5.0,2 BHK
823,2023,Madinat Al Mataar,3,80000.0,50000.0,139200.0,1590000.0,5.0,3 BHK
824,2023,Madinat Dubai Almelaheyah,0,60000.0,44100.0,65000.0,828119.0,7.0,Studio
825,2023,Madinat Dubai Almelaheyah,1,54000.0,10000.0,115000.0,1543888.0,3.0,1 BHK
826,2023,Madinat Dubai Almelaheyah,2,72000.0,9350.0,200000.0,2345888.0,3.0,2 BHK
827,2023,Madinat Dubai Almelaheyah,3,100000.0,60000.0,255000.0,3203888.0,3.0,3 BHK
828,2023,Madinat Hind 4,0,27000.0,18000.0,60000.0,342000.0,8.0,Studio
829,2023,Madinat Hind 4,1,38000.0,26000.0,90000.0,544170.0,7.0,1 BHK
830,2023,Madinat Hind 4,2,47250.0,37000.0,125000.0,751720.0,6.0,2 BHK
831,2023,Marsa Dubai,0,55000.0,1000.0,150000.0,800000.0,7.0,Studio
832,2023,Marsa Dubai,1,80000.0,1.0,1650000.0,2200000.0,4.0,1 BHK
833,2023,Marsa Dubai,2,120000.0,50.0,105038319.0,3000000.0,4.0,2 BHK
834,2023,Marsa Dubai,3,157500.0,1.0,1211442.0,4800000.0,3.0,3 BHK
835,2023,Marsa Dubai,4,192500.0,105000.0,300000.0,7850000.0,2.0,4 BHK
836,2023,Me'Aisem First,0,26000.0,8310.0,210000.0,310000.0,8.0,Studio
837,2023,Me'Aisem First,1,40000.0,10000.0,3740040.0,624365.5,6.0,1 BHK
838,2023,Me'Aisem First,2,60000.0,20000.0,168000.0,1089074.0,6.0,2 BHK
839,2023,Me'Aisem First,3,78000.0,32500.0,210000.0,1883835.5,4.0,3 BHK
840,2023,Mirdif,0,36856.5,21000.0,400000.0,460000.0,8.0,Studio
841,2023,Mirdif,1,47000.0,0.0,115000.0,1265758.0,4.0,1 BHK
842,2023,Mirdif,2,61950.0,0.0,668850.0,1606791.0,4.0,2 BHK
843,2023,Mirdif,3,86100.0,13750.0,1150380.0,2113753.0,4.0,3 BHK
844,2023,Muhaisanah First,1,60000.0,47000.0,95000.0,1206178.0,5.0,1 BHK
845,2023,Muhaisanah First,2,90000.0,50000.0,135000.0,1781596.0,5.0,2 BHK
846,2023,Muhaisanah First,3,140000.0,100000.0,170000.0,2925000.0,5.0,3 BHK
847,2023,Nad Al Shiba First,1,65000.0,35000.0,300000.0,974160.0,7.0,1 BHK
848,2023,Nad Al Shiba First,2,99225.0,38000.0,190000.0,1580000.0,6.0,2 BHK
849,2023,Nad Al Shiba First,3,115000.0,100000.0,220000.0,2883200.0,4.0,3 BHK
850,2023,Nadd Hessa,0,30250.0,1995.0,122229.0,370000.0,8.0,Studio
851,2023,Nadd Hessa,1,42000.0,6.0,600000.0,472537.0,9.0,1 BHK
852,2023,Nadd Hessa,2,63175.0,5000.0,630000.0,882500.0,7.0,2 BHK
853,2023,Nadd Hessa,3,85000.0,47500.0,155000.0,1400000.0,6.0,3 BHK
854,2023,Palm Jumeirah,0,85000.0,7000.0,166000.0,1275000.0,7.0,Studio
855,2023,Palm Jumeirah,1,131250.0,13000.0,375000.0,2550000.0,5.0,1 BHK
856,2023,Palm Jumeirah,2,165723.0,1000.0,16709565.0,3280000.0,5.0,2 BHK
857,2023,Palm Jumeirah,3,200000.0,100000.0,3100000.0,5000000.0,4.0,3 BHK
858,2023,Rega Al Buteen,1,65000.0,24933.0,84765.0,651000.0,10.0,1 BHK
859,2023,Rega Al Buteen,2,70000.0,52500.0,160000.0,1050000.0,7.0,2 BHK
860,2023,Saih Shuaib 2,0,29000.0,10000.0,55200.0,413764.0,7.0,Studio
861,2023,Saih Shuaib 2,1,35000.0,27000.0,50000.0,295000.0,12.0,1 BHK
862,2023,Saih Shuaib 2,2,50000.0,33000.0,162381.0,502560.0,10.0,2 BHK
863,2023,Trade Center Second,1,68000.0,22500.0,140000.0,1175000.0,6.0,1 BHK
864,2023,Trade Center Second,2,89250.0,10000.0,530100.0,2000000.0,4.0,2 BHK
865,2023,Trade Center Second,3,105000.0,12.0,200000.0,3493100.0,3.0,3 BHK
866,2023,Um Hurair Second,0,70000.0,55000.0,140390.0,848571.0,8.0,Studio
867,2023,Um Hurair Second,1,56925.0,32000.0,190000.0,1471750.0,4.0,1 BHK
868,2023,Um Suqaim Third,1,125000.0,87000.0,294209.0,1925000.0,6.0,1 BHK
869,2023,Um Suqaim Third,2,186000.0,220.0,360000.0,2958000.0,6.0,2 BHK
870,2023,Um Suqaim Third,3,350000.0,250000.0,795000.0,5999000.0,6.0,3 BHK
871,2023,Wadi Al Safa 2,0,33000.0,22000.0,60000.0,365000.0,9.0,Studio
872,2023,Wadi Al Safa 2,1,36500.0,12000.0,80000.0,385000.0,9.0,1 BHK
873,2023,Wadi Al Safa 2,2,55000.0,10000.0,130000.0,580000.0,9.0,2 BHK
874,2023,Wadi Al Safa 2,3,68250.0,25000.0,95000.0,900000.0,8.0,3 BHK
875,2023,Wadi Al Safa 3,0,29700.0,12650.0,95000.0,440000.0,7.0,Studio
876,2023,Wadi Al Safa 3,1,42144.0,1.0,240000.0,680000.0,6.0,1 BHK
877,2023,Wadi Al Safa 3,2,60636.0,1.0,260000.0,991991.0,6.0,2 BHK
878,2023,Wadi Al Safa 3,3,77760.0,30000.0,112000.0,1250000.0,6.0,3 BHK
879,2023,Wadi Al Safa 4,1,34500.0,31000.0,39000.0,676500.0,5.0,1 BHK
880,2023,Wadi Al Safa 4,2,48000.0,45000.0,55000.0,765000.0,6.0,2 BHK
881,2023,Wadi Al Safa 5,0,28000.0,10000.0,1116000.0,405238.0,7.0,Studio
882,2023,Wadi Al Safa 5,1,38280.0,100.0,101553.0,610899.0,6.0,1 BHK
883,2023,Wadi Al Safa 5,2,50000.0,10000.0,289870.0,805636.0,6.0,2 BHK
884,2023,Wadi Al Safa 5,3,80000.0,46000.0,120000.0,1115029.5,7.0,3 BHK
885,2023,Wadi Al Safa 7,0,42000.0,35000.0,48000.0,356058.5,12.0,Studio
886,2023,Wadi Al Safa 7,1,53000.0,48000.0,71500.0,481555.0,11.0,1 BHK
887,2023,Wadi Al Safa 7,2,75850.0,60000.0,140000.0,836413.0,9.0,2 BHK
888,2023,Wadi Al Safa 7,3,93500.0,83160.0,110000.0,1259100.0,7.0,3 BHK
889,2023,Warsan Fourth,0,27000.0,2800.0,27011000.0,307250.0,9.0,Studio
890,2023,Warsan Fourth,1,36000.0,5000.0,65577.0,506000.0,7.0,1 BHK
891,2023,Warsan Fourth,2,50000.0,10000.0,90000.0,619200.0,8.0,2 BHK
892,2023,Zaabeel Second,1,110000.0,10000.0,177377.0,1984000.0,6.0,1 BHK
893,2023,Zaabeel Second,2,160000.0,15000.0,330000.0,2900000.0,6.0,2 BHK
894,2023,Zaabeel Second,3,260000.0,100000.0,500000.0,4232944.0,6.0,3 BHK
